Schlüssel;Straftat;erfasste Fälle;Jahr
------;Straftaten insgesamt;5436401;2019
0;Straftaten gegen das Leben;3054;2019
10000;Mord § 211 StGB;720;2019
10079;Sonstiger Mord;679;2019
11000;Mord im Zusammenhang mit Raubdelikten;37;2019
12000;Mord im Zusammenhang mit Sexualdelikten;4;2019
20000;Totschlag und Tötung auf Verlangen §§ 212, 213, 216 StGB;1595;2019
20010;Totschlag § 212 StGB;1577;2019
20020;Minder schwerer Totschlag § 213 StGB;1;2019
20030;Tötung auf Verlangen § 216 StGB;17;2019
30000;Fahrlässige Tötung § 222 StGB - nicht i.V.m. Verkehrsunfall -;662;2019
40000;Abbruch der Schwangerschaft §§ 218, 218b, 218c, 219a, 219b StGB;76;2019
40010;Schwangerschaftsabbruch § 218 StGB;72;2019
40020;Schwangerschaftsabbruch ohne ärztliche Feststellung, unrichtige ärztliche Feststellung § 218b StGB;2;2019
40030;Ärztliche Pflichtverletzung § 218c StGB;0;2019
40040;Werbung für den Abbruch der Schwangerschaft § 219a StGB;1;2019
40050;Inverkehrbringen von Mitteln Schwangerschaftsabbruch § 219b StGB;1;2019
50000;Geschäftsmäßige Förderung der Selbsttötung;1;2019
100000;Straftaten gegen die sexuelle Selbstbestimmung insgesamt;69881;2019
110000;Straftaten gegen die sexuelle Selbstbestimmung §§ 174, 174a, 174b, 174c, 177, 178, 184i, 184j StGB;29606;2019
111000;Vergewaltigung, sexuelle Nötigung und sexueller Übergriff im besonders schweren Fall einschl. mit Todesfolge §§ 177, 178 StGB;9426;2019
111700;Vergewaltigung § 177 Abs. 6, 7, 8 StGB;8541;2019
111710;Vergewaltigung § 177 Abs. 6 Nr. 1, 2 StGB (ohne Schlüssel 111730);6766;2019
111720;Vergewaltigung im besonders schweren Fall § 177 Abs. 6 Nr. 1, 2 i. V. m. Abs. 7, 8 StGB;596;2019
111730;Vergewaltigung von widerstandsunfähigen Personen (§ 177 Abs. 2 Nr. 1, Abs. 4) gem. § 177 Abs. 6 Nr. 1, 2 StGB;1179;2019
111800;Sexueller Übergriff und sexuelle Nötigung im besonders schweren Fall § 177 Abs. 1, 2, 4, 5 i. V. m. Abs. 6 Nr. 2, Abs. 7, 8 StGB;883;2019
111810;Sexueller Übergriff im besonders schweren Fall § 177 Abs. 1, 2 (ohne Nr. 1) i. V. m. Abs. 6 Nr. 2, Abs. 7, 8 StGB;368;2019
111820;Sexuelle Nötigung im besonders schweren Fall § 177 Abs. 5 i.V.m. Abs. 6 Nr. 2, Abs. 7, 8 StGB;388;2019
111830;Sexueller Übergriff an widerstandsunfähigen Personen im besonders schweren Fall § 177 Abs. 2 Nr. 1, Abs. 4 i. V. m. Abs. 6 Nr. 2, Abs. 7, 8 StGB;127;2019
111900;Sexueller Übergriff, sexuelle Nötigung und Vergewaltigung mit Todesfolge § 178 StGB;2;2019
112100;Sexueller Übergriff und sexuelle Nötigung § 177 Abs. 1, 2, 4, 5, 9 StGB;5929;2019
112110;Sexueller Übergriff § 177 Abs. 1, 2 (ohne Nr. 1), 9 StGB;2616;2019
112120;Sexuelle Nötigung § 177 Abs. 5, 9 StGB;2615;2019
112130;Sexueller Übergriff an widerstandsunfähigen Personen § 177 Abs. 2 Nr. 1, Abs. 4, 9 StGB;698;2019
113000;Sexueller Missbrauch von Schutzbefohlenen pp., unter Ausnutzung einer Amtsstellung oder eines Vertrauensverhältnisses §§ 174, 174a-c StGB;574;2019
113010;Sexueller Missbrauch von Schutzbefohlenen ab 14 Jahren § 174 StGB;388;2019
113020;Sexueller Missbrauch von Gefangenen/Verwahrten usw. ab 14 Jahren § 174a StGB;41;2019
113030;Sexueller Missbrauch - Ausnutzung einer Amtsstellung zum Nachteil von Personen ab 14 Jahren § 174b StGB;1;2019
113040;Sexueller Missbrauch - Ausnutzung eines Beratungs-/Behandlungs-/Betreuungsverhältnisses zum Nachteil von Personen ab 14 Jahren § 174c StGB;144;2019
114000;Sexuelle Belästigung § 184i StGB;13645;2019
115000;Straftaten aus Gruppen § 184j StGB;32;2019
130000;Sexueller Missbrauch §§ 176, 176a, 176b, 182, 183, 183a StGB;22137;2019
131000;Sexueller Missbrauch von Kindern §§ 176, 176a, 176b StGB;13670;2019
131010;Sexuelle Handlungen § 176 Abs. 5 StGB;123;2019
131100;Sexuelle Handlungen § 176 Abs. 1 und 2 StGB;5671;2019
131200;Exhibitionistische/sexuelle Handlungen vor Kindern § 176 Abs. 4 Nr. 1 StGB;1458;2019
131300;Sexuelle Handlungen § 176 Abs. 4 Nr. 2 StGB;523;2019
131400;Einwirken auf Kinder § 176 Abs. 4 Nr. 3 und 4 StGB;3264;2019
131500;Vollzug des Beischlafs mit einem Kind oder Vornahme einer ähnlichen sexuellen Handlung § 176a Abs. 2 Nr. 1 StGB;1035;2019
131600;Schwerer sexueller Missbrauch von Kindern zur Herstellung und Verbreitung pornographischer Schriften § 176a Abs. 3 StGB;186;2019
131700;Sonstiger schwerer sexueller Missbrauch von Kindern § 176a StGB;1410;2019
131800;Sexueller Missbrauch von Kindern mit Todesfolge § 176b StGB;0;2019
132000;Exhibitionistische Handlungen und Erregung öffentlichen Ärgernisses §§ 183, 183a StGB;7567;2019
132010;Exhibitionistische Handlungen § 183 StGB;6588;2019
132020;Erregung öffentlichen Ärgernisses § 183a StGB;979;2019
133000;Sexueller Missbrauch von Jugendlichen § 182 StGB;900;2019
133100;Sexueller Missbrauch von Jugendlichen gegen Entgelt § 182 Abs. 2 StGB;254;2019
133700;Sonstiger Sexueller Missbrauch von Jugendlichen § 182 StGB;646;2019
140000;Ausnutzen sexueller Neigung §§ 180, 180a, 181a, 184, 184a, 184b, 184c, 184d, 184e, 184f, 184g StGB;18138;2019
140010;Ausübung der verbotenen Prostitution § 184f StGB;554;2019
140020;Jugendgefährdende Prostitution § 184g StGB;10;2019
141000;Förderung sexueller Handlungen Minderjähriger oder Ausbeuten von Prostituierten §§ 180, 180a StGB;102;2019
141100;Förderung sexueller Handlungen Minderjähriger § 180 StGB;76;2019
141110;Förderung sexueller Handlungen Minderjähriger durch Vermittlung oder gegen Entgelt § 180 Abs. 1, Nr. 1, Abs. 2 StGB;45;2019
141179;Sonstige Förderung sexueller Handlungen Minderjähriger § 180 StGB;31;2019
141200;Ausbeuten von Prostituierten § 180a StGB;26;2019
142000;Zuhälterei § 181a StGB;136;2019
143000;Verbreitung pornographischer Schriften (Erzeugnisse) §§ 184, 184a, 184b, 184c, 184d, 184e StGB;17336;2019
143010;Sonstige Verbreitung pornographischer Schriften (Erzeugnisse) § 184 StGB;1212;2019
143020;Verbreitung gewalt- oder tierpornographischer Schriften § 184a StGB;219;2019
143030;Zugänglichmachen pornographischer Inhalte mittels Rundfunk oder Telemedien;69;2019
143040;Veranstaltung und Besuch kinder- und jugendpornographischer Darbietungen § 184e StGB;0;2019
143100;Verbreitung pornographischer Schriften (Erzeugnisse) an Personen unter 18 Jahren § 184 Abs. 1 Nr. 1, 2, 5 StGB;1583;2019
143200;Verbreitung, Erwerb, Besitz und Herstellung kinderpornographischer Schriften § 184b StGB;12262;2019
143210;Verbreitung, Erwerb, Besitz und Herstellung von Kinderpornographie § 184b Abs. 1 StGB;6692;2019
143211;Verbreitung von Kinderpornographie § 184b Abs. 1 Nr. 1 StGB;5804;2019
143212;Besitzverschaffung für andere von Kinderpornographie § 184b Abs. 1 Nr. 2 StGB;652;2019
143213;Herstellung auch ohne Verbreitungsabsicht von Kinderpornographie mit tatsächlichem Geschehen § 184b Abs. 1 Nr. 3 StGB;117;2019
143214;Herstellung mit Verbreitungsabsicht von Kinderpornographie § 184b Abs. 1 Nr. 4 StGB;119;2019
143220;Verbreitung und Herstellung von Kinderpornographie gewerbs-/bandenmäßig § 184b Abs. 2 StGB;93;2019
143230;Besitz oder sich Verschaffen von Kinderpornographie § 184b Abs. 3 StGB;5477;2019
143500;Verbreitung, Erwerb, Besitz und Herstellung jugendpornographischer Schriften § 184c StGB;1991;2019
143510;Verbreitung, Erwerb, Besitz und Herstellung von Jugendpornographie § 184c Abs. 1 StGB;1130;2019
143511;Verbreitung von Jugendpornographie § 184c Abs. 1 Nr. 1 StGB;878;2019
143512;Besitzverschaffung für andere von Jugendpornographie § 184c Abs. 1 Nr. 2 StGB;90;2019
143513;Herstellung auch ohne Verbreitungsabsicht mit tatsächlichem Geschehen von Jugendpornographie § 184c Abs. 1 Nr. 3 StGB;74;2019
143514;Herstellung mit Verbreitungsabsicht von Jugendpornographie § 184c Abs. 1 Nr. 4 StGB;88;2019
143520;Verbreitung und Herstellung von Jugendpornographie gewerbs-/bandenmäßig § 184c Abs. 2 StGB;20;2019
143530;Besitz oder sich Verschaffen von Jugendpornographie § 184c Abs. 3 StGB;841;2019
200000;Rohheitsdelikte und Straftaten gegen die persönliche Freiheit;776795;2019
210000;Raub, räuberische Erpressung und räuberischer Angriff auf Kraftfahrer §§ 249-252, 255, 316a StGB;36052;2019
210010;Sonstiger Raub § 249 StGB;3261;2019
210020;Sonstiger schwerer Raub § 250 StGB;988;2019
210030;Sonstiger Raub mit Todesfolge § 251 StGB;1;2019
210040;Räuberischer Diebstahl § 252 StGB;8255;2019
210050;Sonstige räuberische Erpressung § 255 StGB;2642;2019
211000;Raub, räuberische Erpressung auf/gegen Geldinstitute, Postfilialen und -agenturen;114;2019
211100;Raub, räuberische Erpressung auf/gegen Geldinstitute (Banken/Sparkassen);87;2019
211110;Raub auf Geldinstitute (Banken/Sparkassen) § 249 StGB;11;2019
211120;Schwerer Raub auf Geldinstitute (Banken/Sparkassen) § 250 StGB;20;2019
211130;Raub mit Todesfolge auf Geldinstitute (Banken/Sparkassen) § 251 StGB;0;2019
211150;Räuberische Erpressung gegen Geldinstitute (Banken/Sparkassen) § 255 StGB;56;2019
211200;Raub, räuberische Erpressung auf/gegen Postfilialen und -agenturen;27;2019
211210;Raub auf Postfilialen und -agenturen § 249 StGB;4;2019
211220;Schwerer Raub auf Postfilialen und -agenturen § 250 StGB;15;2019
211230;Raub mit Todesfolge auf Postfilialen und -agenturen § 251 StGB;0;2019
211250;Räuberische Erpressung gegen Postfilialen und -agenturen § 255 StGB;8;2019
212000;Raub, räuberische Erpressung auf/gegen sonstige Zahlstellen und Geschäfte;2467;2019
212010;Raub auf sonstige Zahlstellen oder Geschäfte § 249 StGB;185;2019
212020;Schwerer Raub auf sonstige Zahlstellen oder Geschäfte § 250 StGB;840;2019
212030;Raub mit Todesfolge auf sonstige Zahlstellen oder Geschäfte § 251 StGB;0;2019
212050;Räuberische Erpressung gegen sonstige Zahlstellen oder Geschäfte § 255 StGB;482;2019
212100;Raub, räuberische Erpressung auf/gegen Spielhallen;373;2019
212110;Raub auf Spielhallen § 249 StGB;38;2019
212120;Schwerer Raub auf Spielhallen § 250 StGB;210;2019
212130;Raub mit Todesfolge auf Spielhallen § 251 StGB;0;2019
212150;Räuberische Erpressung gegen Spielhallen § 255 StGB;125;2019
212200;Raub, räuberische Erpressung auf/gegen Tankstellen;587;2019
212210;Raub auf Tankstellen § 249 StGB;49;2019
212220;Schwerer Raub auf Tankstellen § 250 StGB;318;2019
212230;Raub mit Todesfolge auf Tankstellen § 251 StGB;0;2019
212250;Räuberische Erpressung gegen Tankstellen § 255 StGB;220;2019
213000;Raub, räuberische Erpressung auf/gegen Geld- und Werttransporte;65;2019
213100;Raub, räuberische Erpressung auf/gegen Geld- und Kassenboten;65;2019
213110;Raub auf Geld- und Kassenboten § 249 StGB;23;2019
213120;Schwerer Raub auf Geld- und Kassenboten § 250 StGB;34;2019
213130;Raub mit Todesfolge auf Geld- und Kassenboten § 251 StGB;0;2019
213150;Räuberische Erpressung gegen Geld- und Kassenboten § 255 StGB;8;2019
213200;Raub, räuberische Erpressung auf/gegen Spezialgeldtransportfahrzeuge;0;2019
213210;Raub auf Spezialgeldtransportfahrzeuge § 249 StGB;0;2019
213220;Schwerer Raub auf Spezialgeldtransportfahrzeuge § 250 StGB;0;2019
213230;Raub mit Todesfolge auf Spezialgeldtransportfahrzeuge § 251 StGB;0;2019
213250;Räuberische Erpressung gegen Spezialgeldtransportfahrzeuge § 255 StGB;0;2019
214000;Räuberischer Angriff auf Kraftfahrer § 316a StGB;172;2019
214079;Räuberischer Angriff auf sonstige Kraftfahrer;89;2019
214100;Beraubung von Taxifahrern;83;2019
216000;Handtaschenraub;1249;2019
216010;Handtaschenraub § 249 StGB;1166;2019
216020;Handtaschenraub § 250 StGB;72;2019
216030;Handtaschenraub mit Todesfolge § 251 StGB;1;2019
216050;Räuberische Erpressung bei Handtaschenraub § 255 StGB;10;2019
217000;Sonstige Raubüberfälle auf Straßen, Wegen oder Plätzen;14516;2019
217010;Sonstiger Raub auf Straßen, Wegen oder Plätzen § 249 StGB;8781;2019
217020;Sonstiger schwerer Raub auf Straßen, Wegen oder Plätzen § 250 StGB;2465;2019
217030;Sonstiger Raub mit Todesfolge auf Straßen, Wegen oder Plätzen § 251 StGB;0;2019
217050;Sonstige räuberische Erpressung auf Straßen, Wegen oder Plätzen § 255 StGB;3270;2019
218000;Raub zur Erlangung von Betäubungsmitteln;145;2019
218010;Raub zur Erlangung von Betäubungsmitteln § 249 StGB;52;2019
218020;Schwerer Raub zur Erlangung von Betäubungsmitteln § 250 StGB;41;2019
218030;Raub mit Todesfolge zur Erlangung von Betäubungsmitteln § 251 StGB;0;2019
218050;Räuberische Erpressung zur Erlangung von Betäubungsmitteln § 255 StGB;52;2019
219000;Raubüberfälle in Wohnungen;2177;2019
219010;Raub in Wohnungen § 249 StGB;977;2019
219020;Schwerer Raub in Wohnungen § 250 StGB;642;2019
219030;Raub mit Todesfolge in Wohnungen § 251 StGB;1;2019
219050;Räuberische Erpressung in Wohnungen § 255 StGB;557;2019
220000;Körperverletzung §§ 223-227, 229, 231 StGB;546363;2019
221000;Körperverletzung mit Todesfolge §§ 227, 231 StGB;78;2019
221010;Körperverletzung mit Todesfolge § 227 StGB;78;2019
221020;Beteiligung an einer Schlägerei mit Todesfolge § 231 StGB;0;2019
222000;Gefährliche und schwere Körperverletzung, Verstümmelung weiblicher Genitalien §§ 224, 226, 226a, 231 StGB;133084;2019
222010;Sonstige Tatörtlichkeit bei gefährlicher Körperverletzung § 224 StGB;73226;2019
222020;Sonstige Tatörtlichkeit bei schwerer Körperverletzung § 226 StGB;314;2019
222030;Sonstige Tatörtlichkeit bei Beteiligung an einer Schlägerei ohne Todesfolge § 231 StGB;14;2019
222040;Verstümmelung weiblicher Genitalien § 226a StGB;1;2019
222100;Gefährliche und schwere Körperverletzung auf Straßen, Wegen oder Plätzen;59529;2019
222110;Gefährliche Körperverletzung gemäß § 224 StGB auf Straßen, Wegen oder Plätzen;59341;2019
222120;Schwere Körperverletzung auf Straßen, Wegen oder Plätzen § 226 StGB;153;2019
222130;Beteiligung an einer Schlägerei ohne Todesfolge auf Straßen, Wegen oder Plätzen § 231 StGB;35;2019
223000;Misshandlung von Schutzbefohlenen § 225 StGB;4451;2019
223001;Misshandlung Schutzbefohlener ab 14 Jahren;1021;2019
223100;Misshandlung von Kindern;3430;2019
224000;Vorsätzliche einfache Körperverletzung § 223 StGB;386517;2019
225000;Fahrlässige Körperverletzung § 229 StGB;22233;2019
230000;Straftaten gegen die persönliche Freiheit §§ 232-233a, 234, 235, 236, 237, 238-239b, 240, 241, 316c StGB;194380;2019
231000;Menschenraub, Entziehung Minderjähriger, Kinderhandel §§ 234, 235, 236 StGB;1647;2019
231100;Menschenraub § 234 StGB;3;2019
231200;Entziehung Minderjähriger § 235 StGB;1634;2019
231210;Entziehung Minderjähriger gegen Entgelt oder in Bereicherungsabsicht § 235 Abs. 4 Nr. 2 StGB;22;2019
231279;Sonstige Entziehung Minderjähriger § 235 StGB;1612;2019
231300;Kinderhandel § 236 StGB;10;2019
232000;Zwangsheirat, Nachstellung (Stalking), Freiheitsberaubung, Nötigung, Bedrohung §§ 237, 238, 239, 240, 241 StGB;192087;2019
232100;Freiheitsberaubung § 239 StGB;4446;2019
232200;Nötigung § 240 StGB;66302;2019
232201;Nötigung im Straßenverkehr § 240 Abs. 1 StGB;30939;2019
232279;Sonstige Nötigung § 240 Abs. 1 und 4 StGB;35363;2019
232300;Bedrohung § 241 StGB;102360;2019
232400;Nachstellung (Stalking) § 238 StGB;18905;2019
232410;Nachstellung (Stalking) § 238, Abs. 1 StGB;18719;2019
232420;Nachstellung (Stalking) § 238, Abs. 2 StGB;169;2019
232430;Nachstellung (Stalking) § 238, Abs. 3 StGB;17;2019
232500;Zwangsheirat § 237 StGB;74;2019
233000;Erpresserischer Menschenraub § 239a StGB;65;2019
233079;Sonstiger erpresserischer Menschenraub;63;2019
233100;Erpresserischer Menschenraub i.V.m. Raubüberfall auf Geldinstitute, Postfilialen und -agenturen;1;2019
233200;Erpresserischer Menschenraub i.V.m. Raubüberfall auf sonstige Zahlstellen und Geschäfte;1;2019
233300;Erpresserischer Menschenraub i.V.m. Raubüberfall auf Geld- und Werttransporte;0;2019
234000;Geiselnahme § 239b StGB;33;2019
234079;Sonstige Geiselnahme;33;2019
234100;Geiselnahme i.V.m. Raubüberfall auf Geldinstitute, Postfilialen und -agenturen;0;2019
234200;Geiselnahme i.V.m. Raubüberfall auf sonstige Zahlstellen und Geschäfte;0;2019
234300;Geiselnahme i.V.m. Raubüberfall auf Geld- und Werttransporte;0;2019
235000;Angriff auf den Luft- und Seeverkehr § 316c StGB;1;2019
239000;Menschenhandel, Zwangsprostitution, Zwangsarbeit, Ausbeutung der Arbeitskraft und Ausbeutung unter Ausnutzung einer Freiheitsberaubung §§ 232, 232a, 232b, 233, 233a StGB;547;2019
239100;Menschenhandel § 232 StGB;295;2019
239110;Handel zum Zweck der Ausbeutung bei Ausübung der Prostitution, der Vornahme sexueller Handlungen § 232 Abs. 1, Nr. 1a, Abs. 2 in Bezug auf Abs. 1 Nr. 1a, Abs. 3 Nr. 1 bis 3 in Bezug auf Abs. 1, Nr. 1a, Abs. 4 in Bezug auf Abs. 1 Nr. 1a StGB;253;2019
239120;Handel zum Zweck der Ausbeutung durch eine Beschäftigung § 232 StGB Abs. 1, Nr. 1 b), Abs. 2 in Bezug auf Abs. 1 Nr. 1b), Abs. 3 Nr. 1 bis 3 in Bezug auf Abs. 1, Nr. 1b), Abs. 4 in Bezug auf Abs. 1 Nr. 1b) StGB;16;2019
239130;Handel zum Zweck der Ausbeutung bei der Ausübung der Bettelei § 232 Abs. 1, Nr. 1 c), Abs. 2 in Bezug auf Abs. 1, Nr. 1 c), Abs. 3 Nr. 1 bis 3 in Bezug auf Abs. 1, Nr. 1c), Abs. 4 in Bezug auf Abs. 1, Nr. 1c) StGB;3;2019
239140;Handel zum Zweck der Ausbeutung bei der Begehung von mit Strafe bedrohten Handlungen § 232 StGB Abs. 1, Nr. 1d), Abs. 2 in Bezug auf Abs. 1 Nr. 1d), Abs. 3 Nr. 1 bis 3 in Bezug auf Abs. 1, Nr. 1d), Abs. 4 in Bezug auf Abs. 1 Nr. 1d) StGB;18;2019
239150;Handel zum Zweck des Haltens einer Person in Sklaverei, Leibeigenschaft, Schuldknechtschaft o.ä. § 232 Abs. 1, Nr. 2, Abs. 2 in Bezug auf Abs. 1 Nr. 2, Abs. 3 Nr. 1 bis 3 in Bezug auf Abs. 1, Nr. 2, Abs. 4 in Bezug auf Abs. 1, Nr. 2 StGB;4;2019
239160;Handel zum Zweck der rechtswidrigen Organentnahme § 232 Abs. 1, Nr. 3, Abs. 2 in Bezug auf Abs. 1, Nr. 3, Abs. 3 Nr. 1 bis 3 in Bezug auf Abs. 1, Nr. 3, Abs. 4 in Bezug auf Abs. 1, Nr. 3 StGB;1;2019
239200;Zwangsprostitution § 232a StGB;218;2019
239210;Veranlassen zur Aufnahme oder Fortsetzung der Prostitution oder zu sexuellen Handlungen, durch die eine Person ausgebeutet wird § 232a Abs. 1 bis 5 StGB;203;2019
239220;Entgeltliche Inanspruchnahme sexueller Handlungen eines Menschenhandelsopfers unter Ausnutzung der Zwangslage oder Hilflosigkeit § 232a Abs. 6 StGB;15;2019
239300;Zwangsarbeit § 232b StGB;6;2019
239310;Veranlassen zur Aufnahme einer ausbeuterischen Beschäftigung § 232b Abs. 1, Nr. 1, Abs. 2 in Bezug auf Abs. 1, Nr. 1, Abs. 3 Nr. 1, Abs. 4 Nr. 1 StGB;6;2019
239320;Veranlassen sich in Sklaverei, Leibeigenschaft, Schuldknechtschaft o.ä. zu begeben § 232b Abs. 1, Nr. 2, Abs. 2 in Bezug auf Abs. 1, Nr. 2, Abs. 3 Nr. 2, Abs. 4 Nr. 2 StGB;0;2019
239330;Veranlassen zur Aufnahme oder Fortsetzung der Bettelei, durch die die Person ausgebeutet wird § 232b Abs. 1, Nr. 3, Abs. 2 in Bezug auf Abs. 1, Nr. 3, Abs. 3 Nr. 3, Abs. 4 Nr. 3 StGB;0;2019
239400;Ausbeutung der Arbeitskraft § 233 StGB;14;2019
239410;Ausbeutung durch eine Beschäftigung § 233 Abs. 1, Nr. 1, Abs. 2 in Fällen von Abs. 1 Nr. 1, Abs. 3 in Fällen von Abs. 1 Nr. 1, Abs. 4 in Bezug auf Abs. 1, Nr. 1, Abs. 5 in Bezug auf Abs. 1 Nr. 1 StGB;14;2019
239420;Ausbeutung bei der Ausübung der Bettelei § 233 Abs. 1, Nr. 2, Abs. 2 in Fällen von Abs. 1 Nr. 2, Abs. 3 in Fällen von Abs. 1 Nr. 2, Abs. 4 in Bezug auf Abs. 1, Nr. 2 StGB;0;2019
239430;Ausbeutung bei der Begehung von mit Strafe bedrohten Handlungen § 233 Abs. 1, Nr. 3, Abs. 2 in Fällen von Abs. 1 Nr. 3, Abs. 3 in Fällen von Abs. 1 Nr. 3, Abs. 4 in Bezug auf Abs. 1, Nr. 3 StGB;0;2019
239500;Ausbeutung unter Ausnutzung einer Freiheitsberaubung § 233a StGB;14;2019
239510;Ausbeutung bei Ausübung der Prostitution § 233a Abs. 1, Nr. 1, Abs. 2 in Bezug auf Abs. 1 Nr. 1, Abs. 3 in Bezug auf Abs. 1 Nr. 1, Abs. 4 in Bezug auf Abs. 1 Nr. 1 StGB;11;2019
239520;Ausbeutung durch eine Beschäftigung nach § 232 Abs. 1 Satz 2 StGB (gem. § 233a Abs. 1, Nr. 2, Abs. 2 in Bezug auf Abs. 1 Nr. 2, Abs. 3 in Bezug auf Abs. 1 Nr. 2, Abs. 4 in Bezug auf Abs. 1 Nr. 2 StGB);3;2019
239530;Ausbeutung bei der Ausübung der Bettelei § 233a Abs. 1, Nr. 3, Abs. 2 in Bezug auf Abs. 1 Nr. 3, Abs. 3 in Bezug auf Abs. 1 Nr. 3, Abs. 4 in Bezug auf Abs. 1 Nr. 3 StGB;0;2019
239540;Ausbeutung bei der Begehung von mit Strafe bedrohten Handlungen § 233a Abs. 1, Nr. 4, Abs. 2 in Bezug auf Abs. 1 Nr. 4, Abs. 3 in Bezug auf Abs. 1 Nr. 4, Abs. 4 in Bezug auf Abs. 1 Nr. 4 StGB;0;2019
3***00;Diebstahl ohne erschwerende Umstände §§ 242, 247, 248a-c StGB und zwar:;1025321;2019
3.00E+100;Einfacher Diebstahl von Kraftwagen einschl. unbefugte Ingebrauchnahme;6813;2019
3.00E+200;Einfacher Diebstahl von Mopeds und Krafträdern einschl. unbefugte Ingebrauchnahme;4243;2019
3.00E+300;Einfacher Diebstahl von Fahrrädern einschl. unbefugte Ingebrauchnahme;44349;2019
3**400;Einfacher Diebstahl von Schusswaffen;197;2019
3**500;Einfacher Diebstahl von unbaren Zahlungsmitteln;88101;2019
3**700;Einfacher Diebstahl von/aus Automaten;1507;2019
3**800;Einfacher Diebstahl von Antiquitäten, Kunst- und sakralen Gegenständen;776;2019
300000;Sonstiger einfacher Diebstahl §§ 242, 247, 248a-c StGB;279653;2019
300010;Sonstiger einfacher Diebstahl §§ 242, 247, 248a StGB;275033;2019
300040;Unbefugter Gebrauch eines sonstigen Fahrzeuges § 248b StGB;1033;2019
300050;Entziehung elektrischer Energie § 248c StGB;3587;2019
300100;Einfacher Diebstahl von Kraftwagen einschl. unbefugter Ingebrauchnahme;6618;2019
300110;Einfacher Diebstahl von Kraftwagen;3305;2019
300140;Unbefugter Gebrauch von Kraftwagen;3313;2019
300200;Einfacher Diebstahl von Mopeds und Krafträdern einschl. unbefugter Ingebrauchnahme;4158;2019
300210;Einfacher Diebstahl von Mopeds und Krafträdern;3689;2019
300240;Unbefugter Gebrauch von Mopeds und Krafträdern;469;2019
300300;Einfacher Diebstahl von Fahrrädern einschl. unbefugter Ingebrauchnahme;40095;2019
300310;Einfacher Diebstahl von Fahrrädern;38930;2019
300340;Unbefugter Gebrauch von Fahrrädern;1165;2019
300400;Einfacher Diebstahl von Schusswaffen;103;2019
300500;Einfacher Diebstahl von unbaren Zahlungsmitteln;31250;2019
300700;Einfacher Diebstahl von/aus Automaten;1279;2019
300800;Einfacher Diebstahl von Antiquitäten, Kunst- und sakralen Gegenständen;607;2019
305*00;Einfacher Diebstahl in/aus Banken, Sparkassen, Postfilialen und -agenturen und dergleichen;3469;2019
305000;Einfacher Diebstahl in/aus Banken, Sparkassen, Postfilialen und -agenturen und dergleichen von sonstigem Gut;3211;2019
305500;Einfacher Diebstahl in/aus Banken, Sparkassen, Postfilialen und -agenturen und dergleichen von unbaren Zahlungsmitteln;258;2019
310*00;Einfacher Diebstahl in/aus Dienst-, Büro-, Fabrikations-, Werkstatt- und Lagerräumen;32703;2019
310000;Einfacher Diebstahl in/aus Dienst-, Büro-, Fabrikations-, Werkstatt- und Lagerräumen von sonstigem Gut;28332;2019
310100;Einfacher Diebstahl in/aus Dienst-, Büro-, Fabrikations-, Werkstatt- und Lagerräumen von Kraftwagen;113;2019
310200;Einfacher Diebstahl in/aus Dienst-, Büro-, Fabrikations-, Werkstatt- und Lagerräumen von Mopeds und Krafträdern;85;2019
310300;Einfacher Diebstahl in/aus Dienst-, Büro-, Fabrikations-, Werkstatt- und Lagerräumen von Fahrrädern;564;2019
310400;Einfacher Diebstahl in/aus Dienst-, Büro-, Fabrikations-, Werkstatt- und Lagerräumen von Schusswaffen;17;2019
310500;Einfacher Diebstahl in/aus Dienst-, Büro-, Fabrikations-, Werkstatt- und Lagerräumen von unbaren Zahlungsmitteln;3433;2019
310700;Einfacher Diebstahl in/aus Dienst-, Büro-, Fabrikations-, Werkstatt- und Lagerräumen von/aus Automaten;86;2019
310800;Einfacher Diebstahl in/aus Dienst-, Büro-, Fabrikations-, Werkstatt- und Lagerräumen von Antiquitäten, Kunst- und sakralen Gegenständen;73;2019
315*00;Einfacher Diebstahl in/aus Gaststätten, Kantinen, Hotels und Pensionen;22953;2019
315000;Einfacher Diebstahl in/aus Gaststätten, Kantinen, Hotels und Pensionen von sonstigem Gut;18041;2019
315500;Einfacher Diebstahl in/aus Gaststätten, Kantinen, Hotels und Pensionen von unbaren Zahlungsmitteln;4770;2019
315700;Einfacher Diebstahl in/aus Gaststätten, Kantinen, Hotels und Pensionen von/aus Automaten;142;2019
325*00;Einfacher Diebstahl in/aus Kiosken, Warenhäusern, Verkaufsräumen, Selbstbedienungsläden, Schaufenstern, Schaukästen und Vitrinen darunter:;332453;2019
325000;Einfacher Diebstahl in/aus Kiosken, Warenh., Verkaufsräumen pp. von sonstigem Gut;21039;2019
325300;Einfacher Diebstahl in/aus Kiosken, Warenh., Verkaufsräumen pp. von Fahrrädern;176;2019
325500;Einfacher Diebstahl in/aus Kiosken, Warenh., Verkaufsräumen pp. von unbaren Zahlungsmitteln;7686;2019
326*00;Einfacher Ladendiebstahl;303552;2019
326000;Einfacher Ladendiebstahl von sonstigem Gut;303302;2019
326300;Einfacher Ladendiebstahl von Fahrrädern;250;2019
335*00;Einfacher Diebstahl in/aus Wohnungen;43946;2019
335000;Einfacher Diebstahl in/aus Wohnungen von sonstigem Gut;40861;2019
335400;Einfacher Diebstahl in/aus Wohnungen von Schusswaffen;77;2019
335500;Einfacher Diebstahl in/aus Wohnungen von unbaren Zahlungsmitteln;2912;2019
335800;Einfacher Diebstahl in/aus Wohnungen von Antiquitäten, Kunst- und sakralen Gegenständen;96;2019
340*00;Einfacher Diebstahl in/aus Boden-, Kellerräumen und Waschküchen;10495;2019
340000;Einfacher Diebstahl in/aus Boden-, Kellerräumen und Waschküchen von sonstigem Gut;7231;2019
340300;Einfacher Diebstahl in/aus Boden-, Kellerräumen und Waschküchen von Fahrrädern;3264;2019
345*00;Einfacher Diebstahl in/aus überwiegend unbezogenen Neu- und Rohbauten, Baubuden und Baustellen;10214;2019
345000;Einfacher Diebstahl in/aus überwiegend unbezogenen Neu- und Rohbauten, Baubuden und Baustellen von sonstigem Gut;9943;2019
345100;Einfacher Diebstahl in/aus überwiegend unbezogenen Neu- und Rohbauten, Baubuden und Baustellen von Kraftwagen;82;2019
345500;Einfacher Diebstahl in/aus überwiegend unbezogenen Neu- und Rohbauten, Baubuden und Baustellen von unbaren Zahlungsmitteln;189;2019
350*00;Einfacher Diebstahl an/aus Kraftfahrzeugen;113140;2019
350000;Einfacher Diebstahl an/aus Kraftfahrzeugen von sonstigem Gut;108622;2019
350500;Einfacher Diebstahl aus Kraftfahrzeugen von unbaren Zahlungsmitteln;4518;2019
371000;Einfacher Diebstahl von Betäubungsmitteln aus Apotheken;28;2019
372000;Einfacher Diebstahl von Betäubungsmitteln aus Arztpraxen;25;2019
373000;Einfacher Diebstahl von Betäubungsmitteln aus Krankenhäusern;302;2019
374000;Einfacher Diebstahl von Betäubungsmitteln bei Herstellern und Großhändlern;37;2019
375000;Einfacher Diebstahl von Rezeptformularen zur Erlangung von Betäubungsmitteln;89;2019
390000;Einfacher Taschendiebstahl von sonstigem Gut;58619;2019
390500;Einfacher Taschendiebstahl von unbaren Zahlungsmitteln;33085;2019
4***00;Diebstahl unter erschwerenden Umständen §§ 243-244a StGB und zwar:;796891;2019
4.00E+100;Schwerer Diebstahl von Kraftwagen;21319;2019
4.00E+200;Schwerer Diebstahl von Mopeds und Krafträdern;16182;2019
4.00E+300;Schwerer Diebstahl von Fahrrädern;233525;2019
4**400;Schwerer Diebstahl von Schusswaffen;436;2019
4**500;Schwerer Diebstahl von unbaren Zahlungsmitteln;9178;2019
4**700;Schwerer Diebstahl von/aus Automaten;11262;2019
4**800;Schwerer Diebstahl von Antiquitäten, Kunst- und sakralen Gegenständen;687;2019
400000;Sonstiger schwerer Diebstahl insgesamt §§ 243 - 244a StGB;116219;2019
400010;Besonders schwerer Fall des Diebstahls;112543;2019
400020;Sonstiger schwerer Diebstahl (ohne WED) §§ 244 Abs. 1 Nr. 1 und 2, 244a StGB;3676;2019
400100;Schwerer Diebstahl insgesamt von Kraftwagen;20587;2019
400110;Besonders schwerer Fall des Diebstahls von Kraftwagen;19254;2019
400120;Schwerer Diebstahl von Kraftwagen §§ 244 Abs. 1 Nr. 1 und 2, 244a StGB;1333;2019
400200;Schwerer Diebstahl insgesamt von Mopeds und Krafträdern;15915;2019
400210;Besonders schwerer Fall des Diebstahls von Mopeds und Krafträdern;15771;2019
400220;Schwerer Diebstahl von Mopeds und Krafträdern §§ 244 Abs. 1 Nr. 1 und 2, 244a StGB;144;2019
400300;Schwerer Diebstahl insgesamt von Fahrrädern;210641;2019
400310;Besonders schwerer Fall des Diebstahls von Fahrrädern;209937;2019
400320;Schwerer Diebstahl von Fahrrädern §§ 244 Abs. 1 Nr. 1 und 2, 244a StGB;704;2019
400400;Schwerer Diebstahl insgesamt von Schusswaffen;118;2019
400410;Besonders schwerer Fall des Diebstahls von Schusswaffen;111;2019
400420;Schwerer Diebstahl von Schusswaffen §§ 244 Abs. 1 Nr. 1 und 2, 244a StGB;7;2019
400500;Schwerer Diebstahl insgesamt von unbaren Zahlungsmitteln;1246;2019
400510;Besonders schwerer Fall des Diebstahls von unbaren Zahlungsmitteln;1183;2019
400520;Schwerer Diebstahl von unbaren Zahlungsmitteln §§ 244 Abs. 1 Nr. 1 und 2, 244a StGB;63;2019
400700;Schwerer Diebstahl insgesamt von/aus Automaten;8770;2019
400710;Besonders schwerer Fall des Diebstahls von/aus Automaten;8471;2019
400720;Schwerer Diebstahl von/aus Automaten §§ 244 Abs. 1 Nr. 1 und 2, 244a StGB;299;2019
400800;Schwerer Diebstahl insgesamt von Antiquitäten, Kunst- und sakralen Gegenständen;485;2019
400810;Besonders schwerer Fall des Diebstahls von Antiquitäten, Kunst- und sakralen Gegenständen;464;2019
400820;Schwerer Diebstahl von Antiquitäten, Kunst- und sakralen Gegenständen §§ 244 Abs. 1 Nr. 1 und 2, 244a StGB;21;2019
405*00;Schwerer Diebstahl in/aus Banken, Sparkassen, Postfilialen und -agenturen und dergleichen;1074;2019
405000;Schwerer Diebstahl insgesamt in/aus Banken, Sparkassen, Postfilialen und -agenturen und dergleichen;1074;2019
405010;Besonders schwerer Fall des Diebstahls in/aus Banken, Sparkassen, Postfilialen und -agenturen und dergleichen;947;2019
405020;Schwerer Diebstahl in/aus Banken, Sparkassen, Postfilialen und -agenturen und dergleichen §§ 244 Abs. 1 Nr. 1 und 2, 244a StGB;127;2019
410*00;Schwerer Diebstahl in/aus Dienst-, Büro-, Fabrikations-, Werkstatt- und Lagerräumen;60551;2019
410000;Schwerer Diebstahl insgesamt in/aus Dienst-, Büro-, Fabrikations-, Werkstatt- und Lagerräumen von sonstigem Gut;57183;2019
410010;Besonders schwerer Fall des Diebstahls in/aus Dienst-, Büro-, Fabrikations-, Werkstatt- und Lagerräumen von sonstigem Gut;55971;2019
410020;Schwerer Diebstahl in/aus Dienst-, Büro-, Fabrikations-, Werkstatt- und Lagerräumen von sonstigem Gut §§ 244 Abs. 1 Nr. 1 und 2, 244a StGB;1212;2019
410100;Schwerer Diebstahl insgesamt in/aus Dienst-, Büro-, Fabrikations-, Werkstatt- und Lagerräumen von Kraftwagen;580;2019
410110;Besonders schwerer Fall des Diebstahls in/aus Dienst-, Büro-, Fabrikations-, Werkstatt- und Lagerräumen von Kraftwagen;518;2019
410120;Schwerer Diebstahl in/aus Dienst-, Büro-, Fabrikations-, Werkstatt- und Lagerräumen von Kraftwagen §§ 244 Abs. 1 Nr. 1 und 2, 244a StGB;62;2019
410200;Schwerer Diebstahl insgesamt in/aus Dienst-, Büro-, Fabrikations-, Werkstatt- und Lagerräumen von Mopeds und Krafträdern;267;2019
410210;Besonders schwerer Fall des Diebstahls in/aus Dienst-, Büro-, Fabrikations-, Werkstatt- und Lagerräumen von Mopeds und Krafträdern;263;2019
410220;Schwerer Diebstahl in/aus Dienst-, Büro-, Fabrikations-, Werkstatt- und Lagerräumen von Mopeds und Krafträdern, §§ 244 Abs. 1 Nr. 1 und 2, 244a StGB;4;2019
410300;Schwerer Diebstahl insgesamt in/aus Dienst-, Büro-, Fabrikations-, Werkstatt- und Lagerräumen von Fahrrädern;1294;2019
410310;Besonders schwerer Fall des Diebstahls in/aus Dienst-, Büro-, Fabrikations-, Werkstatt- und Lagerräumen von Fahrrädern;1271;2019
410320;Schwerer Diebstahl in/aus Dienst-, Büro-, Fabrikations-, Werkstatt- und Lagerräumen von Fahrrädern §§ 244 Abs. 1 Nr. 1 und 2, 244a StGB;23;2019
410400;Schwerer Diebstahl insgesamt in/aus Dienst-, Büro-, Fabrikations-, Werkstatt- und Lagerräumen von Schusswaffen;36;2019
410410;Besonders schwerer Fall des Diebstahls in/aus Dienst-, Büro-, Fabrikations-, Werkstatt- und Lagerräumen von Schusswaffen;36;2019
410420;Schwerer Diebstahl in/aus Dienst-, Büro-, Fabrikations-, Werkstatt- und Lagerräumen von Schusswaffen §§ 244 Abs. 1 Nr. 1 und 2, 244a StGB;0;2019
410500;Schwerer Diebstahl insgesamt in/aus Dienst-, Büro-, Fabrikations-, Werkstatt- und Lagerräumen von unbaren Zahlungsmitteln;554;2019
410510;Besonders schwerer Fall des Diebstahls in/aus Dienst-, Büro-, Fabrikations-, Werkstatt- und Lagerräumen von unbaren Zahlungsmitteln;529;2019
410520;Schwerer Diebstahl in/aus Dienst-, Büro-, Fabrikations-, Werkstatt- und Lagerräumen von unbaren Zahlungsmitteln §§ 244 Abs. 1 Nr. 1 und 2, 244a StGB;25;2019
410700;Schwerer Diebstahl insgesamt in/aus Dienst-, Büro-, Fabrikations-, Werkstatt- und Lagerräumen von/aus Automaten;490;2019
410710;Besonders schwerer Fall des Diebstahls in/aus Dienst-, Büro-, Fabrikations-, Werkstatt- und Lagerräumen von/aus Automaten;465;2019
410720;Schwerer Diebstahl in/aus Dienst-, Büro-, Fabrikations-, Werkstatt- und Lagerräumen von/aus Automaten §§ 244 Abs. 1 Nr. 1 und 2, 244a StGB;25;2019
410800;Schwerer Diebstahl insgesamt in/aus Dienst-, Büro-, Fabrikations-, Werkstatt- und Lagerräumen von Antiquitäten, Kunst- und sakralen Gegenständen;147;2019
410810;Besonders schwerer Fall des Diebstahls in/aus Dienst-, Büro-, Fabrikations-, Werkstatt- und Lagerräumen von Antiquitäten, Kunst- und sakralen Gegenständen;142;2019
410820;Schwerer Diebstahl in/aus Dienst-, Büro-, Fabrikations-, Werkstatt- und Lagerräumen von Antiquitäten, Kunst- und sakralen Gegenständen §§ 244 Abs. 1 Nr. 1 und 2, 244a StGB;5;2019
415*00;Schwerer Diebstahl in/aus Gaststätten, Kantinen, Hotels und Pensionen;16452;2019
415000;Schwerer Diebstahl insgesamt in/aus Gaststätten, Kantinen, Hotels und Pensionen von sonstigem Gut;14225;2019
415010;Besonders schwerer Fall des Diebstahls in/aus Gaststätten, Kantinen, Hotels und Pensionen von sonstigem Gut;13958;2019
415020;Schwerer Diebstahl in/aus Gaststätten, Kantinen, Hotels und Pensionen von sonstigem Gut §§ 244 Abs. 1 Nr. 1 und 2, 244a StGB;267;2019
415500;Schwerer Diebstahl insgesamt in/aus Gaststätten, Kantinen, Hotels und Pensionen von unbaren Zahlungsmitteln;225;2019
415510;Besonders schwerer Fall des Diebstahls in/aus Gaststätten, Kantinen, Hotels und Pensionen von unbaren Zahlungsmitteln;194;2019
415520;Schwerer Diebstahl in/aus Gaststätten, Kantinen, Hotels und Pensionen von unbaren Zahlungsmitteln §§ 244 Abs. 1 Nr. 1 und 2, 244a StGB;31;2019
415700;Schwerer Diebstahl insgesamt in/aus Gaststätten, Kantinen, Hotels und Pensionen von/aus Automaten;2002;2019
415710;besonders schwerer Fall des Diebstahls in/aus Gaststätten, Kantinen, Hotels und Pensionen von/aus Automaten;1937;2019
415720;Schwerer Diebstahl in/aus Gaststätten, Kantinen, Hotels und Pensionen von/aus Automaten §§ 244 Abs. 1 Nr. 1 und 2, 244a StGB;65;2019
425*00;Schwerer Diebstahl in/aus Kiosken, Warenhäusern, Verkaufsräumen, Selbstbedienungsläden, Schaufenstern, Schaukästen und Vitrinen darunter:;45553;2019
425000;Schwerer Diebstahl insgesamt in/aus Kiosken, Warenhäusern, Verkaufsräumen pp. von sonstigem Gut;22523;2019
425010;Besonders schwerer Fall des Diebstahls in/aus Kiosken, Warenhäusern, Verkaufsräumen pp. von sonstigem Gut;21051;2019
425020;Schwerer Diebstahl in/aus Kiosken, Warenhäusern, Verkaufsräumen pp. von sonstigem Gut, §§ 244 Abs. 1 Nr. 1 und 2, 244a StGB;1472;2019
425300;Schwerer Diebstahl insgesamt in/aus Kiosken, Warenhäusern, Verkaufsräumen pp. von Fahrrädern;371;2019
425310;Besonders schwerer Fall des Diebstahls in/aus Kiosken, Warenhäusern, Verkaufsräumen pp. von Fahrrädern;340;2019
425320;Schwerer Diebstahl in/aus Kiosken, Warenhäusern, Verkaufsräumen pp.von Fahrrädern §§ 244 Abs. 1 Nr. 1 und 2, 244a StGB;31;2019
425400;Schwerer Diebstahl insgesamt in/aus Kiosken, Warenhäusern, Verkaufsräumen pp. von Schusswaffen;36;2019
425410;Besonders schwerer Fall des Diebstahls in/aus Kiosken, Warenhäusern, Verkaufsräumen pp. von Schusswaffen;22;2019
425420;Schwerer Diebstahl in/aus Kiosken, Warenhäusern, Verkaufsräumen pp. von Schusswaffen §§ 244 Abs. 1 Nr. 1 und 2, 244a StGB;14;2019
425500;Schwerer Diebstahl insgesamt in/aus Kiosken, Warenhäusern, Verkaufsräumen pp. von unbaren Zahlungsmitteln;389;2019
425510;Besonders schwerer Fall des Diebstahls in/aus Kiosken, Warenhäusern, Verkaufsräumen pp. von unbaren Zahlungsmitteln;303;2019
425520;Schwerer Diebstahl in/aus Kiosken, Warenhäusern, Verkaufsräumen pp. von unbaren Zahlungsmitteln §§ 244 Abs. 1 Nr. 1 und 2, 244a StGB;86;2019
426*00;Schwerer Ladendiebstahl;22234;2019
426000;Schwerer Ladendiebstahl insgesamt;22234;2019
426010;Besonders schwerer Fall des Ladendiebstahls;15234;2019
426020;Schwerer Ladendiebstahl §§ 244 Abs. 1 Nr. 1 und 2, 244a StGB;7000;2019
435*00;Wohnungseinbruchdiebstahl §§ 244 Abs. 1 Nr. 3 und Abs. 4, 244a StGB;87145;2019
435000;Wohnungseinbruchdiebstahl (ohne TWE) § 244 Abs. 1 Nr. 3 und Abs. 4 StGB von sonstigem Gut;52728;2019
435020;Wohnungseinbruchdiebstahl (ohne TWE) bandenmäßig §§ 244 Abs. 4, 244a StGB;538;2019
435400;Wohnungseinbruchdiebstahl (ohne TWE) § 244 Abs. 1 Nr. 3 und Abs. 4 StGB von Schusswaffen;178;2019
435500;Wohnungseinbruchdiebstahl (ohne TWE) § 244 Abs. 1 Nr. 3 und Abs. 4 StGB von unbaren Zahlungsmitteln;562;2019
435800;Wohnungseinbruchdiebstahl (ohne TWE) § 244 Abs. 1 Nr. 3 und Abs. 4 StGB von Antiquitäten, Kunst- und sakralen Gegenständen;38;2019
436*00;Tageswohnungseinbruchdiebstahl §§ 244 Abs. 1 Nr. 3 und Abs. 4, 244a StGB;33101;2019
436000;Tageswohnungseinbruch § 244 Abs. 1 Nr. 3 und Abs. 4 StGB von sonstigem Gut;32099;2019
436020;Tageswohnungseinbruchdiebstahl bandenmäßig §§ 244 Abs. 4, 244a StGB;571;2019
436400;Tageswohnungseinbruch § 244 Abs. 1 Nr. 3 und Abs. 4 StGB von Schusswaffen;68;2019
436500;Tageswohnungseinbruch § 244 Abs. 1 Nr. 3 und Abs. 4 StGB von unbaren Zahlungsmitteln;346;2019
436800;Tageswohnungseinbruch § 244 Abs. 1 Nr. 3 und Abs. 4 StGB von Antiquitäten, Kunst- und sakralen Gegenständen;17;2019
440*00;Schwerer Diebstahl in/aus Boden-, Kellerräumen und Waschküchen;86604;2019
440000;Schwerer Diebstahl insgesamt in/aus Boden-, Kellerräumen, Waschküchen von sonstigem Gut;65385;2019
440010;Besonders schwerer Fall des Diebstahls in/aus Boden-, Kellerräumen, Waschküchen von sonstigem Gut;65203;2019
440020;Schwerer Diebstahl in/aus Boden-, Kellerräumen, Waschküchen §§ 244 Abs. 1 Nr. 1 und 2, 244a StGB;182;2019
440300;Schwerer Diebstahl insgesamt in/aus Boden-, Kellerräumen, Waschküchen von Fahrrädern;21219;2019
440310;Besonders schwerer Fall des Diebstahls in/aus Boden-, Kellerräumen, Waschküchen von Fahrrädern;21097;2019
440320;Schwerer Diebstahl in/aus Boden-, Kellerräumen, Waschküchen von Fahrrädern §§ 244 Abs. 1 Nr. 1 und 2, 244a StGB;122;2019
445*00;Schwerer Diebstahl in/aus überwiegend unbezogenen Neu- und Rohbauten, Baubuden und Baustellen;13852;2019
445000;Schwerer Diebstahl insgesamt in/aus überwiegend unbezogenen Neu- und Rohbauten, Baubuden und Baustellen von sonstigem Gut;13632;2019
445010;Besonders schwerer Fall des Diebstahls in/aus überwiegend unbezogenen Neu- und Rohbauten, Baubuden und Baustellen von sonstigem Gut;13363;2019
445020;Schwerer Diebstahl in/aus überwiegend unbezogenen Neu- und Rohbauten, Baubuden und Baustellen von sonstigem Gut §§ 244 Abs. 1 Nr. 1 und 2, 244a StGB;269;2019
445100;Schwerer Diebstahl insgesamt in/aus überwiegend unbezogenen Neu- und Rohbauten, Baubuden und Baustellen von Kraftwagen;152;2019
445110;Besonders schwerer Fall des Diebstahls in/aus überwiegend unbezogenen Neu- und Rohbauten, Baubuden und Baustellen von Kraftwagen;147;2019
445120;Schwerer Diebstahl in/aus überwiegend unbezogenen Neu- und Rohbauten, Baubuden und Baustellen von Kraftwagen §§ 244 Abs. 1 Nr. 1 und 2, 244a StGB;5;2019
445500;Schwerer Diebstahl insgesamt in/aus überwiegend unbezogenen Neu- und Rohbauten, Baubuden und Baustellen von unbaren Zahlungsmitteln;68;2019
445510;Besonders schwerer Fall des Diebstahls in/aus überwiegend unbezogenen Neu- und Rohbauten, Baubuden und Baustellen von unbaren Zahlungsmitteln;59;2019
445520;Schwerer Diebstahl in/aus überwiegend unbezogenen Neu- und Rohbauten, Baubuden und Baustellen von unbaren Zahlungsmitteln §§ 244 Abs. 1 Nr. 1 und 2, 244a StGB;9;2019
450*00;Schwerer Diebstahl an/aus Kraftfahrzeugen;108989;2019
450000;Schwerer Diebstahl insgesamt an/aus Kraftfahrzeugen von sonstigem Gut;103787;2019
450010;Besonders schwerer Fall des Diebstahls an/aus Kraftfahrzeugen von sonstigem Gut;100721;2019
450020;Schwerer Diebstahl an/aus Kraftfahrzeugen von sonstigem Gut §§ 244 Abs. 1 Nr. 1 und 2, 244a StGB;3066;2019
450500;Schwerer Diebstahl aus Kraftfahrzeugen von unbaren Zahlungsmitteln;5202;2019
450510;Besonders schwerer Fall des Diebstahls aus Kraftfahrzeugen von unbaren Zahlungsmitteln;5102;2019
450520;Schwerer Diebstahl aus Kraftfahrzeugen von unbaren Zahlungsmitteln §§ 244 Abs. 1 Nr. 1 und 2, 244a StGB;100;2019
471000;Schwerer Diebstahl von Betäubungsmitteln aus Apotheken;103;2019
471010;Besonders schwerer Fall des Diebstahls von Betäubungsmitteln aus Apotheken;93;2019
471020;Schwerer Diebstahl von Betäubungsmitteln aus Apotheken §§ 244 Abs. 1 Nr. 1 und 2, 244a StGB;10;2019
472000;Schwerer Diebstahl von Betäubungsmitteln aus Arztpraxen;63;2019
472010;Besonders schwerer Fall des Diebstahls von Betäubungsmitteln aus Arztpraxen;60;2019
472020;Schwerer Diebstahl von Betäubungsmitteln aus Arztpraxen §§ 244 Abs. 1 Nr. 1 und 2, 244a StGB;3;2019
473000;Schwerer Diebstahl von Betäubungsmitteln aus Krankenhäusern;89;2019
473010;Besonders schwerer Fall des Diebstahls von Betäubungsmitteln aus Krankenhäusern;85;2019
473020;Schwerer Diebstahl von Betäubungsmitteln aus Krankenhäusern gemäß §§ 244 Abs. 1 Nr. 1 und 2, 244a StGB;4;2019
474000;Schwerer Diebstahl von Betäubungsmitteln bei Herstellern und Großhändlern;9;2019
474010;Besonders schwerer Fall des Diebstahls von Betäubungsmitteln bei Herstellern und Großhändlern;9;2019
474020;Schwerer Diebstahl von Betäubungsmitteln bei Herstellern und Großhändlern §§ 244 Abs. 1 Nr. 1 und 2, 244a StGB;0;2019
475000;Schwerer Diebstahl von Rezeptformularen zur Erlangung von Betäubungsmitteln;24;2019
475010;Besonders schwerer Fall des Diebstahls von Rezeptformularen zur Erlangung von Betäubungsmitteln;23;2019
475020;Schwerer Diebstahl von Rezeptformularen zur Erlangung von Betäubungsmitteln §§ 244 Abs. 1 Nr. 1 und 2, 244a StGB;1;2019
490000;Schwerer Taschendiebstahl insgesamt von sonstigem Gut;1816;2019
490010;Besonders schwerer Fall des Taschendiebstahl von sonstigem Gut;1403;2019
490020;Schwerer Taschendiebstahl von sonstigem Gut §§ 244 Abs. 1 Nr. 1 und 2, 244a StGB;413;2019
490500;Schwerer Taschendiebstahl von unbaren Zahlungsmitteln;586;2019
490510;Besonders schwerer Fall des Taschendiebstahl von unbaren Zahlungsmitteln;485;2019
490520;Schwerer Taschendiebstahl von unbaren Zahlungsmitteln §§ 244 Abs. 1 Nr. 1 und 2, 244a StGB;101;2019
****00;Diebstahl insgesamt und zwar:;1822212;2019
***100;Diebstahl insgesamt von Kraftwagen einschl. unbefugte Ingebrauchnahme;28132;2019
***200;Diebstahl insgesamt von Mopeds und Krafträdern einschl. unbefugte Ingebrauchnahme;20425;2019
***300;Diebstahl insgesamt von Fahrrädern einschl. unbefugte Ingebrauchnahme;277874;2019
***400;Diebstahl insgesamt von Schusswaffen;633;2019
***500;Diebstahl insgesamt von unbaren Zahlungsmitteln;97279;2019
***700;Diebstahl insgesamt von/aus Automaten;12769;2019
***800;Diebstahl insgesamt von Antiquitäten, Kunst- und sakralen Gegenständen;1463;2019
*05*00;Diebstahl insgesamt in/aus Banken, Sparkassen, Postfilialen und -agenturen und dergleichen;4543;2019
*10*00;Diebstahl insgesamt in/aus Dienst-, Büro-, Fabrikations-, Werkstatt- und Lagerräumen;93254;2019
*15*00;Diebstahl insgesamt in/aus Gaststätten, Kantinen, Hotels und Pensionen;39405;2019
*25*00;Diebstahl insgesamt in/aus Kiosken, Warenhäusern, Verkaufsräumen, Selbstbedienungsläden, Schaufenstern, Schaukästen und Vitrinen darunter:;378006;2019
*26*00;Ladendiebstahl insgesamt;325786;2019
*35*00;Diebstahl insgesamt in/aus Wohnungen;131091;2019
*40*00;Diebstahl insgesamt in/aus Boden-, Kellerräumen und Waschküchen;97099;2019
*45*00;Diebstahl insgesamt in/aus überwiegend unbezogenen Neu- und Rohbauten, Baubuden und Baustellen;24066;2019
*50*00;Diebstahl insgesamt an/aus Kraftfahrzeugen;222129;2019
*71000;Diebstahl insgesamt von Betäubungsmitteln aus Apotheken;131;2019
*72000;Diebstahl insgesamt von Betäubungsmitteln aus Arztpraxen;88;2019
*73000;Diebstahl insgesamt von Betäubungsmitteln aus Krankenhäusern;391;2019
*74000;Diebstahl insgesamt von Betäubungsmitteln bei Herstellern und Großhändlern;46;2019
*75000;Diebstahl insgesamt von Rezeptformularen zur Erlangung von Betäubungsmitteln;113;2019
*90*00;Taschendiebstahl insgesamt;94106;2019
500000;Vermögens- und Fälschungsdelikte;1040727;2019
510000;Betrug §§ 263, 263a, 264, 264a, 265, 265a-e StGB;832966;2019
511000;Waren- und Warenkreditbetrug;290707;2019
511100;Betrügerisches Erlangen von Kfz §§ 263, 263a StGB;1611;2019
511110;Betrügerisches Erlangen von Kfz § 263 StGB;1549;2019
511120;Betrügerisches Erlangen von Kfz § 263a StGB;62;2019
511200;Sonstiger Warenkreditbetrug;165597;2019
511201;Tankbetrug;70498;2019
511210;Weitere Arten des Warenkreditbetruges §§ 263, 263a StGB;95099;2019
511211;Weitere Arten des Warenkreditbetruges § 263 StGB;54158;2019
511212;Weitere Arten des Warenkreditbetruges § 263a StGB;40941;2019
511300;Warenbetrug;123499;2019
513000;Kapitalanlage- und Anlagebetrug;3484;2019
513100;Prospektbetrug (Kapitalanlagebetrug) § 264a StGB;37;2019
513200;Anlagebetrug § 263 StGB;3447;2019
514000;Geldkreditbetrug;3757;2019
514100;Kreditbetrug § 265b StGB (im geschäftlichen Verkehr);124;2019
514200;Subventionsbetrug § 264 StGB;318;2019
514300;Krediterlangungsbetrug § 263 StGB;3315;2019
515000;Erschleichen von Leistungen § 265a StGB;200901;2019
515001;Beförderungserschleichung;197904;2019
515079;Sonstiges Erschleichen von Leistungen;2997;2019
516000;Betrug bzw. Computerbetrug mittels rechtswidrig erlangter unbarer Zahlungsmittel;59109;2019
516200;Betrug mittels rechtswidrig erlangter Zahlungskarten ohne PIN (Lastschriftverfahren);12090;2019
516300;Computerbetrug mittels rechtswidrig erlangter Zahlungskarten mit PIN § 263a StGB;22286;2019
516500;Betrug bzw. Computerbetrug mittels rechtswidrig erlangter Daten von Zahlungskarten §§ 263, 263a StGB;17558;2019
516510;Betrug mittels rechtswidrig erlangter Daten von Zahlungskarten § 263 StGB;8069;2019
516520;Computerbetrug mittels rechtswidrig erlangter Daten von Zahlungskarten § 263a StGB;9489;2019
516900;Betrug bzw. Computerbetrug mittels rechtswidrig erlangter sonstiger unbarer Zahlungsmittel §§ 263, 263a StGB;7175;2019
516910;Betrug mittels rechtswidrig erlangter sonstiger unbarer Zahlungsmittel § 263 StGB;3887;2019
516920;Computerbetrug mittels rechtswidrig erlangter sonstiger unbarer Zahlungsmittel § 263a StGB;3288;2019
517000;Sonstiger Betrug;275008;2019
517100;Leistungsbetrug;23855;2019
517200;Leistungskreditbetrug §§ 263, 263a StGB;29841;2019
517210;Leistungskreditbetrug § 263 StGB;20371;2019
517220;Leistungskreditbetrug § 263a StGB;9470;2019
517400;Betrug z.N.v. Versicherungen und Versicherungsmissbrauch §§ 263, 265 StGB;3111;2019
517410;Betrug zum Nachteil von Versicherungen;3027;2019
517420;Versicherungsmissbrauch;84;2019
517500;Computerbetrug (sonstiger) § 263a StGB (soweit nicht unter den Schlüsseln 511120, 511212, 516300, 516520, 516920, 517220, 517900, 518112 bzw. 518302 zu erfassen);13418;2019
517510;Computerbetrug (sonstiger) § 263a Abs. 1 und 2 StGB;13296;2019
517520;Vorbereitung des Computerbetruges § 263a Abs. 3 StGB;122;2019
517600;Provisionsbetrug;956;2019
517800;Sozialleistungsbetrug;13232;2019
517900;Missbräuchliche Nutzung von Telekommunikationsdiensten § 263a StGB;327;2019
518100;Abrechnungsbetrug;4594;2019
518110;Abrechnungsbetrug im Gesundheitswesen §§ 263, 263a StGB;3412;2019
518111;Abrechnungsbetrug im Gesundheitswesen § 263 StGB;3398;2019
518112;Abrechnungsbetrug im Gesundheitswesen § 263a StGB;14;2019
518179;Sonstiger Abrechnungsbetrug;1182;2019
518200;Einmietbetrug;6639;2019
518300;Überweisungsbetrug §§ 263, 263a StGB;21093;2019
518301;Überweisungsbetrug § 263 StGB;19574;2019
518302;Überweisungsbetrug § 263a StGB;1519;2019
518500;Sportwettbetrug und Manipulation von berufssportlichen Wettbewerben §§ 265c-e StGB;5;2019
518510;Sportwettbetrug §§ 265c, 265e StGB;3;2019
518520;Manipulation von berufssportlichen Wettbewerben §§ 265d, 265e StGB;2;2019
518800;Kreditvermittlungsbetrug § 263 StGB;593;2019
518900;Sonstige weitere Betrugsarten;157344;2019
520000;Veruntreuungen §§ 266, 266a, 266b StGB;16788;2019
521000;Untreue § 266 StGB;6155;2019
521079;Sonstige Untreue;6078;2019
521100;Untreue bei Kapitalanlagegeschäften;77;2019
522000;Vorenthalten und Veruntreuen von Arbeitsentgelt § 266a StGB;9884;2019
523000;Missbrauch von Scheck- und Kreditkarten § 266b StGB;749;2019
530000;Unterschlagung §§ 246, 247, 248a StGB;108754;2019
530079;Unterschlagung sonstiger Güter/Sachen §§ 246, 247, 248a StGB - ohne von Kfz;101220;2019
531000;Unterschlagung von Kfz §§ 246, 247 StGB;7534;2019
540000;Urkundenfälschung §§ 267-271, 273-279, 281 StGB;73560;2019
540001;Sonstige Urkundenfälschung § 267 StGB;53826;2019
540002;Mittelbare Falschbeurkundung;2253;2019
540003;Verändern von amtlichen Ausweisen;367;2019
540004;Urkundenunterdrückung, Veränderung einer Grenzbezeichnung § 274 StGB;784;2019
540005;Vorbereitung der Fälschung von amtlichen Ausweisen;20;2019
540006;Verschaffen von falschen amtlichen Ausweisen;2836;2019
540007;Fälschung von Gesundheitszeugnissen;31;2019
540008;Ausstellen unrichtiger Gesundheitszeugnisse;85;2019
540009;Gebrauch unrichtiger Gesundheitszeugnisse;70;2019
540010;Missbrauch von Ausweispapieren;3210;2019
541000;Fälschung technischer Aufzeichnungen § 268 StGB;517;2019
541001;Manipulation von Fahrtenschreibern und EG-Kontrollgeräten § 268 StGB;104;2019
541079;Sonstige Fälschung technischer Aufzeichnungen;413;2019
542000;Fälschung zur Erlangung von Betäubungsmitteln;684;2019
543000;Fälschung beweiserheblicher Daten, Täuschung im Rechtsverkehr bei Datenverarbeitung §§ 269, 270 StGB;8877;2019
543010;Fälschung beweiserheblicher Daten § 269 StGB;8600;2019
543020;Täuschung im Rechtsverkehr bei Datenverarbeitung § 270 StGB;277;2019
550000;Geld- und Wertzeichenfälschung, Fälschung von Zahlungskarten mit oder ohne Garantiefunktion, Schecks und Wechseln §§ 146-149, 151, 152, 152a, 152b StGB;4737;2019
550010;Gewerbs- und bandenmäßiges Geldfälschung § 146 Abs. 2 StGB;177;2019
550020;Wertpapierfälschung;0;2019
550030;Fälschung Geld-/Wertzeichen fremder Währungsgebiete;12;2019
551000;Geld- und Wertzeichenfälschung einschl. Vorbereitungshandlungen §§ 146 außer Abs. 1 Nr. 3, 148, 149 StGB;675;2019
551010;Geldfälschung (einschl. Vorbereitungshandlung) §§ 146 außer Abs. 1 Nr. 3 StGB;588;2019
551020;Wertzeichenfälschung;16;2019
551030;Vorbereitung der Fälschung von Geld und Wertzeichen;71;2019
552000;Inverkehrbringen von Falschgeld §§ 146 Abs. 1 Nr. 3, 147 StGB;2463;2019
552010;Inverkehrbringen von Falschgeld § 146 Abs. 1 Nr. 3 StGB;1762;2019
552020;Inverkehrbringen von Falschgeld (nach gutgläubigem Erwerb) § 147 StGB;701;2019
553000;Fälschung von Zahlungskarten mit oder ohne Garantiefunktion, Schecks und Wechseln §§ 152a, 152b StGB;1410;2019
553100;Gebrauch falscher Zahlungskarten mit oder ohne Garantiefunktion, Schecks und Wechsel §§ 152a, 152b StGB;586;2019
553110;Gebrauch falscher Zahlungskarten ohne Garantiefunktion, Schecks und Wechsel;203;2019
553120;Gebrauch falscher Zahlungskarten mit Garantiefunktion;383;2019
553200;Nachmachen, Verfälschen, Verschaffen, Feilhalten oder Überlassen falscher Zahlungskarten mit oder ohne Garantiefunktion, Schecks und Wechsel §§ 152a, 152b StGB;824;2019
553210;Nachmachen, Verfälschen, Verschaffen, Feilhalten oder Überlassen falscher Zahlungskarten ohne Garantiefunktion, Schecks und Wechsel;116;2019
553220;Nachmachen, Verfälschen, Verschaffen, Feilhalten oder Überlassen falscher Zahlungskarten mit Garantiefunktion;708;2019
560000;Insolvenzstraftaten §§ 283, 283a-d StGB;3922;2019
561000;Bankrott § 283 StGB;2901;2019
562000;Besonders schwerer Fall des Bankrotts § 283a StGB;14;2019
563000;Verletzung der Buchführungspflicht § 283b StGB;922;2019
564000;Gläubigerbegünstigung § 283c StGB;58;2019
565000;Schuldnerbegünstigung § 283d StGB;27;2019
600000;Sonstige Straftatbestände (StGB);1107007;2019
610000;Erpressung § 253 StGB;15867;2019
610001;Schutzgelderpressung;83;2019
610079;Sonstige Erpressung;10919;2019
611000;Erpressung auf sexueller Grundlage;4865;2019
620000;Widerstand gegen und tätlicher Angriff auf die Staatsgewalt und Straftaten gegen die öffentliche Ordnung §§ 111, 113-115, 120, 121, 123-127, 129, 130-134, 136, 138, 140, 145, 145a, 145c, 145d StGB;159620;2019
620001;Störung des öffentlichen Friedens durch Androhung von Straftaten;3164;2019
620002;Bildung bewaffneter Gruppen § 127 StGB;7;2019
620003;Bildung krimineller Vereinigungen;12;2019
620004;Anleitung zu Straftaten;10;2019
620005;Amtsanmaßung;2163;2019
620006;Missbrauch von Titeln, Berufsbezeichnungen, Abzeichen;736;2019
620007;Verwahrungsbruch;162;2019
620008;Verletzung amtlicher Bekanntmachungen;0;2019
620009;Verstrickungsbruch, Siegelbruch;887;2019
620010;Nichtanzeige geplanter Straftaten;23;2019
620011;Belohnung und Billigung von Straftaten;54;2019
620013;Missbrauch von Notrufen und Beeinträchtigung von Unfallverhütungs- und Nothilfemitteln;10431;2019
620014;Verstoß gegen Weisung während Führungsaufsicht;3169;2019
620015;Verstoß gegen das Berufsverbot;6;2019
621000;Widerstand gegen und tätlicher Angriff auf die Staatsgewalt §§ 111, 113-115, 120, 121 StGB;36959;2019
621010;Öffentliche Aufforderung zu Straftaten;445;2019
621040;Gefangenenbefreiung;375;2019
621050;Gefangenenmeuterei;13;2019
621100;Widerstand gegen und tätlicher Angriff auf Vollstreckungsbeamte und gleichstehende Personen §§ 113-115 StGB;36126;2019
621110;Widerstand gegen Vollstreckungsbeamte und gleichstehende Personen §§ 113, 115 StGB;21207;2019
621120;Tätlicher Angriff auf Vollstreckungsbeamte und gleichstehende Personen §§ 114, 115 StGB;14919;2019
622000;Hausfriedensbruch §§ 123, 124 StGB;86655;2019
622100;Hausfriedensbruch § 123 StGB;86591;2019
622200;Schwerer Hausfriedensbruch § 124 StGB;64;2019
623000;Landfriedensbruch §§ 125, 125a StGB;1860;2019
623010;Landfriedensbruch § 125 StGB;1014;2019
623020;Besonders schwerer Landfriedensbruch § 125a StGB;846;2019
624000;Vortäuschen einer Straftat § 145d StGB;8284;2019
624010;Vortäuschen einer Straftat gegen die sexuelle Selbstbestimmung;478;2019
624079;Vortäuschen einer sonstigen Straftat;6039;2019
624100;Vortäuschen eines Raubes;645;2019
624200;Vortäuschen eines Diebstahls;1122;2019
624201;Vortäuschen eines Kfz-Diebstahls;334;2019
624279;Vortäuschen eines sonstigen Diebstahls;788;2019
626000;Gewaltdarstellung § 131 StGB;859;2019
626079;Sonstige Gewaltdarstellung;504;2019
626100;Gewaltdarstellung, Schriften an Personen unter 18 Jahren § 131 Abs. 1 Nr. 3 StGB;355;2019
627000;Volksverhetzung § 130 StGB;4179;2019
630000;Begünstigung, Strafvereitelung (ohne Strafvereitelung im Amt), Hehlerei und Geldwäsche §§ 257, 258, 259-261 StGB;24280;2019
630010;Begünstigung;125;2019
630020;Strafvereitelung;2493;2019
631000;Hehlerei von Kfz §§ 259-260a StGB;1234;2019
631079;Hehlerei von Kfz § 259 StGB;915;2019
631100;Gewerbsmäßige Hehlerei von Kfz § 260 Abs. 1 Nr. 1 StGB;190;2019
631200;Bandenhehlerei von Kfz § 260 Abs. 1 Nr. 2 StGB;77;2019
631300;Gewerbsmäßige Bandenhehlerei von Kfz § 260a StGB;52;2019
632000;Sonstige Hehlerei §§ 259-260a StGB;10664;2019
632079;Sonstige Hehlerei § 259 StGB;9781;2019
632100;Sonstige gewerbsmäßige Hehlerei § 260 Abs. 1 Nr. 1 StGB;728;2019
632200;Sonstige Bandenhehlerei § 260 Abs. 1 Nr. 2 StGB;34;2019
632300;Sonstige Gewerbsmäßige Bandenhehlerei § 260a StGB;121;2019
633000;Geldwäsche, Verschleierung unrechtmäßig erlangter Vermögenswerte § 261 StGB;9764;2019
640000;Brandstiftung und Herbeiführen einer Brandgefahr §§ 306-306d, 306f StGB;19985;2019
640010;Fahrlässige Brandstiftung;7380;2019
640020;Fahrlässiges Herbeiführen einer Brandgefahr;672;2019
641000;(Vorsätzliche) Brandstiftung und Herbeiführen einer Brandgefahr §§ 306-306c, 306f Abs. 1 und 2 StGB;11933;2019
641010;Vorsätzliche Brandstiftung;8582;2019
641020;Schwere Brandstiftung;2524;2019
641030;Besonders schwere Brandstiftung;179;2019
641040;Brandstiftung mit Todesfolge;11;2019
641050;Vorsätzliches Herbeiführen einer Brandgefahr;637;2019
650000;Wettbewerbs-, Korruptions- und Amtsdelikte §§ 258a, 298-300, 331-353d, 355, 357 StGB;4147;2019
651000;Vorteilsannahme, Bestechlichkeit §§ 331, 332, 335 StGB;333;2019
651100;Vorteilsannahme § 331 StGB;163;2019
651200;Bestechlichkeit § 332 StGB;157;2019
651300;Bestechlichkeit - gewerbsmäßig oder als Mitglied einer Bande § 335 Abs. 2 Nr. 3 StGB;1;2019
651400;Alle sonstigen besonders schweren Fälle der Bestechlichkeit § 335 StGB;12;2019
652000;Vorteilsgewährung, Bestechung §§ 333, 334, 335 StGB;580;2019
652100;Vorteilsgewährung § 333 StGB;100;2019
652200;Bestechung § 334 StGB;474;2019
652300;Bestechung - gewerbsmäßig oder als Mitglied einer Bande nach § 335 Abs. 2 Nr. 3 StGB;6;2019
652400;Alle sonstigen besonders schweren Fälle der Bestechung nach § 335 StGB;0;2019
655000;Sonstige Straftaten im Amt §§ 258a, 339-353d, 355, 357 StGB;2854;2019
655001;Strafvereitelung im Amt;395;2019
655002;Rechtsbeugung;207;2019
655003;Aussageerpressung;3;2019
655004;Verfolgung Unschuldiger;65;2019
655005;Vollstreckung gegen Unschuldige;4;2019
655006;Falschbeurkundung im Amt;266;2019
655007;Gebührenüberhebung;42;2019
655008;Abgabenüberhebung, Leistungskürzung;6;2019
655009;Vertrauensbruch im auswärtigen Dienst;0;2019
655010;Verbotene Mitteilungen über Gerichtsverhandlungen;53;2019
655011;Verletzung des Steuergeheimnisses;12;2019
655012;Verleitung eines Untergebenen zu Straftaten;2;2019
655100;Körperverletzung im Amt § 340 StGB;1500;2019
655200;Verletzung des Dienstgeheimnisses § 353b StGB;299;2019
656000;Wettbewerbsbeschränkende Absprachen bei Ausschreibungen § 298 StGB;106;2019
657000;Bestechlichkeit und Bestechung im geschäftlichen Verkehr und im Gesundheitswesen §§ 299, 299a, 299b und 300 StGB;274;2019
657100;Bestechlichkeit und Bestechung § 299 StGB;103;2019
657200;Bestechlichkeit und Bestechung, gewerbsmäßig oder als Mitglied einer Bande § 300 Satz 2 Nr. 2 StGB;17;2019
657300;Bestechlichkeit und Bestechung, Vorteil großen Ausmaßes § 300 Satz 2 Nr. 1 StGB;124;2019
657400;Bestechlichkeit im Gesundheitswesen;15;2019
657500;Bestechung im Gesundheitswesen;15;2019
660000;Strafbarer Eigennutz §§ 284, 285, 287-293, 297 StGB;8491;2019
660010;Vereiteln der Zwangsvollstreckung;614;2019
660020;Pfandkehr;280;2019
660030;Unbefugter Gebrauch von Pfandsachen;1;2019
660040;Gefährdung von Schiffen, Kraft- und Luftfahrzeugen durch Bannware;1;2019
661000;Glücksspiel §§ 284, 285, 287 StGB;947;2019
661010;Unerlaubte Veranstaltung eines Glücksspiels;685;2019
661020;Beteiligung am unerlaubten Glückspiel;260;2019
661030;Unerlaubte Veranstaltung einer Lotterie oder Ausspielung;2;2019
662000;Wilderei §§ 292, 293 StGB;3066;2019
662001;Fischwilderei;2159;2019
662100;Jagdwilderei § 292 StGB;907;2019
663000;Wucher § 291 StGB;3582;2019
670000;Alle sonstigen Straftaten gemäß StGB - ohne Verkehrsdelikte -;874617;2019
670001;Falsche uneidliche Aussage (Falschaussage);3924;2019
670002;Meineid;85;2019
670003;Falsche Versicherung an Eides statt;3762;2019
670005;Verleitung zur Falschaussage;117;2019
670006;Fahrlässiger Falscheid, fahrlässige falsche Versicherung an Eides statt;15;2019
670007;Falsche Verdächtigung;15523;2019
670008;Beschimpfung von Bekenntnissen, Religionsgemeinschaften und Weltanschauungsvereinigungen;76;2019
670009;Störung der Religionsausübung;56;2019
670010;Störung einer Bestattungsfeier;5;2019
670011;Störung der Totenruhe;1204;2019
670012;Personenstandsfälschung;40;2019
670013;Doppelehe;37;2019
670014;Beischlaf zwischen Verwandten;35;2019
670015;Üble Nachrede und Verleumdung gegen Personen des politischen Lebens;315;2019
670016;Verletzung der Vertraulichkeit des Wortes;2925;2019
670017;Verletzung des Briefgeheimnisses;3484;2019
670018;Verletzung von Privatgeheimnissen;406;2019
670019;Verwertung fremder Geheimnisse;5;2019
670020;Verletzung des Post- u. Fernmeldegeheimnisses;2482;2019
670021;Aussetzung;81;2019
670024;Gefährliche Eingriffe in den Bahn-, Schiffs- und Luftverkehr;2699;2019
670025;Gefährliche Eingriffe in den Straßenverkehr;16013;2019
670026;Störung öffentlicher Betriebe;401;2019
670027;Störung von Telekommunikationsanlagen;712;2019
670029;Baugefährdung;115;2019
670030;Vollrausch;52;2019
670031;Gefährdung einer Entziehungskur;18;2019
670032;Unterlassene Hilfeleistung, Behinderung von hilfeleistenden Personen § 323c StGB;1924;2019
670033;Parteiverrat;103;2019
670034;Verletzung des höchstpersönlichen Lebensbereiches durch Bildaufnahmen;7530;2019
670079;Sonstige weitere Straftaten gemäß StGB;57;2019
671000;Verletzung der Unterhaltspflicht § 170 StGB;3958;2019
672000;Verletzung der Fürsorge- oder Erziehungspflicht § 171 StGB;1132;2019
673000;Beleidigung §§ 185-187, 189 StGB;218905;2019
673010;Beleidigung ohne sexuelle Grundlage;165131;2019
673020;Üble Nachrede ohne sexuelle Grundlage;11606;2019
673030;Verleumdung ohne sexuelle Grundlage;17426;2019
673040;Verunglimpfung des Andenkens Verstorbener ohne sexuelle Grundlage;91;2019
673100;Beleidigung auf sexueller Grundlage §§ 185-187, 189 StGB;24651;2019
673110;Beleidigung auf sexueller Grundlage;21562;2019
673120;Üble Nachrede auf sexueller Grundlage;1328;2019
673130;Verleumdung auf sexueller Grundlage;1749;2019
673140;Verunglimpfung des Andenkens Verstorbener auf sexueller Grundlage;12;2019
674000;Sachbeschädigung §§ 303-305a StGB;563062;2019
674010;Sachbeschädigung gemäß § 303 StGB ohne Schl. 674100 u. 674300;197387;2019
674011;Sachbeschädigung durch Graffiti ohne Schl. 674111 u. 674311;38412;2019
674012;Sachbeschädigung durch Feuer ohne Schl. 674312;10545;2019
674019;Sonstige Sachbeschädigung ohne Schl. 674119 u. 674319;148430;2019
674020;Gemeinschädliche Sachbeschädigung ohne Schl. 674320;9863;2019
674021;Gemeinschädliche Sachbeschädigung durch Graffiti ohne Schl. 674321;2822;2019
674022;Gemeinschädliche Sachbeschädigung durch Feuer ohne Schl. 674322;572;2019
674029;Sonstige gemeinschädliche Sachbeschädigung ohne Schl. 674329;6469;2019
674030;Zerstörung von Bauwerken ohne Schl. 674330;30;2019
674100;Sachbeschädigung an Kfz;214462;2019
674111;Sachbeschädigung durch Graffiti an Kfz;4321;2019
674119;Sonstige Sachbeschädigung an Kfz;210141;2019
674200;Datenveränderung, Computersabotage §§ 303a, 303b StGB;3183;2019
674210;Datenveränderung;2499;2019
674220;Computersabotage;684;2019
674300;Sonstige Sachbeschädigung auf Straßen, Wegen oder Plätzen;137748;2019
674310;Sonstige Sachbeschädigung auf Straßen, Wegen oder Plätzen § 303 StGB;122128;2019
674311;Sonstige Sachbeschädigung durch Graffiti auf Straßen, Wegen oder Plätzen;47671;2019
674312;Sonstige Sachbeschädigung durch Feuer auf Straßen, Wegen oder Plätzen;8917;2019
674319;Sonstige Sachbeschädigung auf Straßen, Wegen oder Plätzen;65540;2019
674320;Gemeinschädliche Sachbeschädigung auf Straßen, Wegen oder Plätzen;15591;2019
674321;Gemeinschädliche Sachbeschädigung durch Graffiti auf Straßen, Wegen oder Plätzen;3018;2019
674322;Gemeinschädliche Sachbeschädigung durch Feuer auf Straßen, Wegen oder Plätzen;815;2019
674329;Sonstige gemeinschädliche Sachbeschädigung auf Straßen, Wegen oder Plätzen;11758;2019
674330;Zerstörung von Bauwerken auf Straßen, Wegen oder Plätzen;29;2019
674500;Zerstörung wichtiger Arbeitsmittel § 305a StGB;389;2019
674512;Zerstörung wichtiger Arbeitsmittel durch Feuer;5;2019
674519;Sonstige Zerstörung wichtiger Arbeitsmittel;384;2019
675000;Sprengstoff- und Strahlungsverbrechen §§ 307-312 StGB;1709;2019
675100;Herbeiführen einer Explosion durch Kernenergie § 307 StGB;0;2019
675200;Herbeiführen einer Sprengstoffexplosion § 308 StGB;1691;2019
675300;Missbrauch ionisierender Strahlen § 309 StGB;0;2019
675400;Vorbereitung eines Explosions- oder Strahlungsverbrechens § 310 StGB;17;2019
675500;Freisetzen ionisierender Strahlen § 311 StGB;1;2019
675600;Fehlerhafte Herstellung einer kerntechnischen Anlage § 312 StGB;0;2019
676000;Straftaten gegen die Umwelt §§ 324, 324a, 325-330a StGB;11709;2019
676010;Bodenverunreinigung 324a StGB;863;2019
676011;Bodenverunreinigung;845;2019
676012;Bodenverunreinigung - besonders schwerer Fall;18;2019
676100;Gewässerverunreinigung § 324 StGB;2364;2019
676101;Gewässerverunreinigung;2337;2019
676102;Gewässerverunreinigung - besonders schwerer Fall;27;2019
676200;Luftverunreinigung § 325 StGB;126;2019
676201;Luftverunreinigung;124;2019
676202;Luftverunreinigung - besonders schwerer Fall;2;2019
676300;Verursachen von Lärm, Erschütterungen und nichtionisierenden Strahlen § 325a StGB;9;2019
676301;Verursachen von Lärm, Erschütterungen und nichtionisierenden Strahlen;9;2019
676302;Verursachen von Lärm, Erschütterungen und nichtionisierenden Strahlen - besonders schwerer Fall;0;2019
676400;Unerlaubter Umgang mit Abfällen § 326 außer Abs. 2 StGB;7662;2019
676410;Unerlaubter Umgang mit Abfällen § 326 Abs. 1 StGB;7569;2019
676411;Unerlaubter Umgang mit Abfällen § 326 Abs. 1 StGB;7446;2019
676412;Unerlaubter Umgang mit Abfällen § 326 Abs. 1 StGB - besonders schwerer Fall;123;2019
676420;Unerlaubter Umgang mit Abfällen § 326 Abs. 3 StGB;93;2019
676421;Unerlaubter Umgang mit Abfällen § 326 Abs. 3 StGB;92;2019
676422;Unerlaubter Umgang mit Abfällen § 326 Abs. 3 StGB - besonders schwerer Fall;1;2019
676500;Unerlaubtes Betreiben von Anlagen § 327 StGB;350;2019
676510;Unerlaubtes Betreiben von Anlagen § 327 StGB Abs. 1 (kerntechnische Anlage und Kernbrennstoffe);4;2019
676511;Unerlaubtes Betreiben von Anlagen § 327 Abs. 1 (kerntechnische Anlage und Kernbrennstoffe);4;2019
676512;Unerlaubtes Betreiben von Anlagen § 327 Abs. 1 (kerntechnische Anlage und Kernbrennstoffe) - besonders schwerer Fall;0;2019
676520;Unerlaubtes Betreiben von Anlagen § 327 Abs. 2;346;2019
676521;Unerlaubtes Betreiben von Anlagen § 327 Abs. 2;339;2019
676522;Unerlaubtes Betreiben von Anlagen § 327 Abs. 2 - besonders schwerer Fall;7;2019
676600;Unerlaubter Umgang mit radioaktiven Stoffen und anderen gefährlichen Gütern § 328 StGB;162;2019
676610;Unerlaubter Umgang mit radioaktiven Stoffen § 328 StGB Abs. 1 und 2;13;2019
676611;Unerlaubter Umgang mit radioaktiven Stoffen § 328 StGB Abs. 1 und 2;13;2019
676612;Unerlaubter Umgang mit radioaktiven Stoffen § 328 StGB Abs. 1 und 2 - besonders schwerer Fall;0;2019
676620;Unerlaubter Umgang mit anderen gefährlichen Stoffen und Gütern § 328 Abs. 3 StGB;149;2019
676621;Unerlaubter Umgang mit anderen gefährlichen Stoffen und Gütern § 328 Abs. 3 StGB;144;2019
676622;Unerlaubter Umgang mit anderen gefährlichen Stoffen und Gütern § 328 Abs. 3 StGB - besonders schwerer Fall;5;2019
676700;Gefährdung schutzbedürftiger Gebiete § 329 StGB;45;2019
676701;Gefährdung schutzbedürftiger Gebiete;38;2019
676702;Gefährdung schutzbedürftiger Gebiete - besonders schwerer Fall;7;2019
676800;Abfallein- / -aus- und -durchfuhr § 326 Abs. 2 StGB;71;2019
676810;Ungenehmigte Einfuhr von Abfällen § 326 Abs. 2 StGB;7;2019
676811;Ungenehmigte Einfuhr von Abfällen;6;2019
676812;Ungenehmigte Einfuhr von Abfällen - besonders schwerer Fall;1;2019
676820;Ungenehmigte Ausfuhr von Abfällen § 326 Abs. 2 StGB;59;2019
676821;Ungenehmigte Ausfuhr von Abfällen;58;2019
676822;Ungenehmigte Ausfuhr von Abfällen - besonders schwerer Fall;1;2019
676830;Ungenehmigte Durchfuhr von Abfällen § 326 Abs. 2 StGB;5;2019
676831;Ungenehmigte Durchfuhr von Abfällen;5;2019
676832;Ungenehmigte Durchfuhr von Abfällen - besonders schwerer Fall;0;2019
676900;Schwere Gefährdung durch Freisetzen von Giften § 330a StGB;57;2019
677000;Gemeingefährliche Vergiftung § 314 StGB;6;2019
678000;Ausspähen, Abfangen von Daten einschl. Vorbereitungshandlungen und Datenhehlerei §§ 202a, 202b, 202c, 202d StGB;9926;2019
678010;Ausspähen von Daten § 202a StGB;9040;2019
678020;Abfangen von Daten § 202b StGB;185;2019
678030;Vorbereiten des Ausspähens und Abfangens von Daten § 202c StGB;618;2019
678040;Datenhehlerei;83;2019
679000;Weitere Straftaten mit Umweltrelevanz gemäß StGB;9;2019
679010;Herbeiführen einer Überschwemmung § 313 StGB;5;2019
679020;Beschädigung wichtiger Anlagen § 318 StGB;4;2019
700000;Strafrechtliche Nebengesetze;616725;2019
710000;Straftaten gegen strafrechtliche Nebengesetze auf dem Wirtschaftssektor;20985;2019
712000;Straftaten nach AktG, GenG, GmbHG, HGB, RechnungslegungsG, UmwandlungsG, InsO;5816;2019
712010;Aktiengesetz;5;2019
712020;Handelsgesetzbuch;22;2019
712030;GmbH-Gesetz;120;2019
712040;Genossenschaftsgesetz;1;2019
712050;Rechnungslegungsgesetz;0;2019
712060;Umwandlungsgesetz;0;2019
712200;Insolvenzverschleppung § 15a InsO;5668;2019
713000;Delikte im Zusammenhang mit Schwarzarbeitsbekämpfungsgesetz und Arbeitnehmerüberlassungsgesetz;180;2019
713010;Arbeitnehmerüberlassungsgesetz;2;2019
713030;Schwarzarbeitsbekämpfungsgesetz;178;2019
714000;Straftaten i.V.m. dem Bankgewerbe sowie Wertpapierhandelsgesetz (Güd-Kreditwesen, BörsenG, DepotG, PfandBG, § 35 BundesbankG, ZAG);165;2019
714010;Bundesbankgesetz;0;2019
714020;Börsengesetz;1;2019
714030;Pfandbriefgesetz;0;2019
714040;Kreditwesengesetz;93;2019
714050;Depotgesetz;0;2019
714060;Wertpapierhandelsgesetz;50;2019
714070;Zahlungsdiensteaufsichtsgesetz;21;2019
715000;Straftaten im Zusammenhang mit Urheberrechtsbestimmungen (UrheberrechtsG, MarkenG, § 17 UWG, DesignG,GebrauchsmusterG, KunsturheberrechtsG, PatentG, HalbleiterschutzG);7926;2019
715010;Markengesetz;1338;2019
715020;Designgesetz;20;2019
715030;Gebrauchsmustergesetz;2;2019
715040;Kunsturheberrechtsgesetz;4954;2019
715050;Urheberrechtsgesetz -sonstige Verstöße- (ohne Schl. 715100 u. 715200);1105;2019
715060;Patentgesetz;16;2019
715070;Halbleiterschutzgesetz;0;2019
715100;Softwarepiraterie (private Anwendung z.B. Computerspiele);135;2019
715200;Softwarepiraterie in Form gewerbsmäßigen Handelns;71;2019
715300;Verrat von Betriebs- und Geschäftsgeheimnissen § 17 Abs. 1 und 4 UWG;190;2019
715400;Verrat von Betriebs- und Geschäftsgeheimnissen § 17 Abs. 2 und 4 UWG;95;2019
716000;Straftaten im Zusammenhang mit Lebens- und Arzneimitteln (z.B. Lebensmittel- und Futtermittelgesetzbuch, ArzneimittelG, WeinG);6223;2019
716030;Straftaten nach dem Gentechnikgesetz;0;2019
716079;Sonstige Straftaten im Zusammenhang mit Lebensmitteln - soweit nicht unter anderen Schlüsseln zu erfassen -;29;2019
716100;Straftaten nach dem Lebensmittel- und Futtermittelgesetzbuch;1510;2019
716300;Straftaten nach dem Weingesetz;102;2019
716400;Straftaten nach dem Arzneimittelgesetz (AMG);3134;2019
716420;illegale Arzneimittel in der legalen Verteilerkette (iAMidlegV);215;2019
716421;Inverkehrbringen von bedenklichen Arzneimitteln (iAMidlegV);104;2019
716422;Inverkehrbringen von oder Handel treiben mit gefälschten Arzneimitteln, Wirkstoffen (iAMidlegV);20;2019
716423;Inverkehrbringen nicht zugelassener Arzneimittel (iAMidlegV);91;2019
716430;Arzneimittel in der illegalen Verteilerkette (AMidillegV);1113;2019
716431;Inverkehrbringen von bedenklichen Arzneimitteln (AMidillegV);69;2019
716432;Inverkehrbringen von oder Handel treiben mit gefälschten Arzneimitteln, Wirkstoffen (AMidillegV);16;2019
716433;Inverkehrbringen nicht zugelassener Arzneimittel, Illegaler Handel oder Abgabe von verschreibungspflichtigen Arzneimitteln §§ 96 Nr. 5, 95 (1) 4 AMG (AMidillegV);1028;2019
716440;Herstellen gefälschter Arzneimittel oder Wirkstoffe;1;2019
716450;Illegaler Umgang mit Tierarzneimitteln;137;2019
716460;Straftaten nach dem AMG § 95 Absatz 1 Nr. 2, 3, 5, 5a;1400;2019
716470;Straftaten nach dem AMG § 96 ohne die Nummern 5, 15-18a und 20b;268;2019
716500;Straftaten nach dem Anti-Doping-Gesetz (AntiDopG);1448;2019
716510;Herstellen, Inverkehrbringen, Verschreiben, Anwendung bei Dritten, Handel treiben, veräußern, abgeben von Dopingmitteln;163;2019
716520;Erwerb, Besitz, Verbringung von Dopingmitteln;1225;2019
716530;Selbstdoping (anwenden/ anwenden lassen), Erwerb und Besitz von Dopingmitteln, zur Verschaffung eines Vorteils im Wettbewerb;60;2019
719000;sonstige Straftaten (Nebengesetze) auf dem Wirtschaftssektor (z.B. Rennwett- und LotterieG, UWG ohne § 17, VersicherungsaufsichtsG, WirtschaftsstrafG, Gewerbeordnung);675;2019
719010;Rennwett- und Lotteriegesetz;0;2019
719040;Gewerbeordnung;148;2019
719079;Sonstige Nebengesetze auf dem Wirtschaftssektor;430;2019
719200;Straftaten nach UWG ohne § 17;97;2019
720000;Straftaten gegen sonstige strafrechtliche Nebengesetze -ohne Verkehrsdelikte-;227285;2019
720001;Vereinsgesetz;895;2019
720002;Versammlungsgesetze des Bundes und der Länder;2703;2019
720005;Missbräuchliches Herstellen, Vertreiben oder Ausgeben von amtlichen Kennzeichen § 22a StVG;110;2019
720009;Telekommunikationsgesetz;214;2019
720011;Straftaten § 4 Gewaltschutzgesetz;11119;2019
720012;Straftaten § 1 EU-Bestechungsgesetz (EUBestG);0;2019
720013;Straftaten gemäß § 2 des Gesetzes zur Bekämpfung internationaler Bestechung (IntBestG);1;2019
720014;Luftsicherheitsgesetz;959;2019
720079;Sonstige strafrechtliche Nebengesetze;1680;2019
721000;Straftaten gegen § 27 Abs. 2 des Jugendschutzgesetzes;24;2019
722000;Straftaten gegen § 27 Abs. 1 des Jugendschutzgesetzes;27;2019
724000;Straftaten gegen § 24 des Passgesetzes;7;2019
725000;Straftaten gegen das Aufenthalts-, das Asyl- und das Freizügigkeitsgesetz/EU;165619;2019
725100;Unerlaubte Einreise § 95 Abs. 1 Nr. 3 und Abs. 2 Nr.1a Aufenthaltsgesetz;38210;2019
725110;Unerlaubte Einreise § 95 Abs. 1 Nr. 3 Aufenthaltsgesetz;35963;2019
725120;Unerlaubte Wiedereinreise entgegen oder in Zuwiderhandlung eines Einreise- und Aufenthaltsverbotes § 95 Abs. 2 Nr. 1a AufenthG;2247;2019
725200;Einschleusen von Ausländern § 96 Aufenthaltsgesetz;3050;2019
725210;Einschleusen von Ausländern § 96 Abs. 1 und 4 Aufenthaltsgesetz;2550;2019
725220;Einschleusen von Ausländern § 96 Abs. 2 Aufenthaltsgesetz;500;2019
725300;Erschleichen eines Aufenthaltstitels (§ 95 Abs. 2 Nr. 2 Aufenthaltsgesetz) durch unrichtige oder unvollständige Angaben oder Gebrauch eines so beschafften Aufenthaltstitels zur Täuschung im Rechtsverkehr;8461;2019
725310;Erschleichen oder Gebrauch eines Aufenthaltstitels (Visum);7117;2019
725311;Erschleichen oder Gebrauch eines Aufenthaltstitels (Visum) durch Scheinehe;211;2019
725312;Erschleichen oder Gebrauch eines Aufenthaltstitels (Visum) durch sonstigen Modus Operandi;6906;2019
725320;Erschleichen oder Gebrauch eines Aufenthaltstitels (Aufenthaltserlaubnis oder Niederlassungsbefugnis);1344;2019
725321;Erschleichen oder Gebrauch eines Aufenthaltstitels (Aufenthaltserlaubnis oder Niederlassungsbefugnis) durch Scheinehe;269;2019
725322;Erschleichen oder Gebrauch eines Aufenthaltstitels (Aufenthaltserlaubnis oder Niederlassungsbefugnis) durch sonstigen Modus Operandi;1075;2019
725400;Einschleusen mit Todesfolge, gewerbs- und bandenmäßiges Einschleusen von Ausländern § 97 Aufenthaltsgesetz;165;2019
725410;Einschleusen mit Todesfolge § 97 Abs. 1 Aufenthaltsgesetz;1;2019
725420;Gewerbs- und bandenmäßiges Einschleusen von Ausländern § 97 Abs. 2 Aufenthaltsgesetz;164;2019
725500;Straftaten gegen §§ 84, 85 Asylgesetz;1946;2019
725510;Straftaten gegen § 84 Asylgesetz;1230;2019
725520;Straftaten gegen § 85 Asylgesetz;716;2019
725600;Gewerbs- und bandenmäßige Verleitung zur missbräuchlichen Asylantragstellung § 84a Asylgesetz;4;2019
725700;Unerlaubter Aufenthalt § 95 Abs. 1 Nr. 1, 2 und Abs. 2 Nr. 1b Aufenthaltsgesetz;108067;2019
725710;Unerlaubter Aufenthalt § 95 Abs. 1 Nr. 1 und 2 Aufenthaltsgesetz;106122;2019
725711;Unerlaubter Aufenthalt ohne unerlaubte Einreise;30604;2019
725712;Unerlaubter Aufenthalt nach unerlaubter/ungeklärter Einreise;75518;2019
725720;Unerlaubter Aufenthalt entgegen oder in Zuwiderhandlung eines Einreise- und Aufenthaltsverbotes § 95 Abs. 2 Nr. 1b AufenthG;1945;2019
725800;Einreise oder Aufenthalt trotz Versagung des Freizügigkeitsrechts § 9 Freizügigkeitsgesetz/EU;1203;2019
725900;Sonstige Verstöße gegen das Aufenthaltsgesetz;4513;2019
726000;Straftaten gegen das Sprengstoff-, das Waffen- und das Kriegswaffenkontrollgesetz;43159;2019
726100;Straftaten gegen das Sprengstoffgesetz;3921;2019
726200;Straftaten gegen das Waffengesetz;38674;2019
726300;Straftaten gegen das Kriegswaffenkontrollgesetz;564;2019
727000;Straftaten nach dem Kulturgutschutzgesetz (KGSG);28;2019
727100;Illegale Ausfuhr von Kulturgut § 83 Abs. 1 Nr. 1, 2 und Abs. 2 KGSG;13;2019
727200;Illegale Einfuhr von Kulturgut § 83 Abs. 1 Nr. 3 KGSG;2;2019
727300;Illegaler Handel mit Kulturgut § 83 Abs. 1 Nr. 4, 5 und Abs. 5 KGSG;12;2019
727400;Beschädigung, Zerstörung oder Veränderung von Kulturgut § 83 Abs. 3 KGSG;1;2019
728000;Straftaten gegen das Bundes- (oder Landes-) Datenschutzgesetz;740;2019
728010;Straftaten gegen Landesdatenschutzgesetz;193;2019
728020;Straftaten gegen das Bundesdatenschutzgesetz;547;2019
730000;Rauschgiftdelikte (soweit nicht bereits mit anderer Schlüsselzahl erfasst);359747;2019
731000;Allgemeine Verstöße § 29 BtMG (soweit nicht unter 7340 pp. zu erfassen);284603;2019
731100;Allgemeiner Verstoß mit Heroin;8572;2019
731200;Allgemeiner Verstoß mit Kokain einschl. Crack;17740;2019
731201;Allgemeiner Verstoß mit Crack;2093;2019
731202;Allgemeiner Verstoß mit Kokain;15647;2019
731300;Allgemeiner Verstoß mit LSD;689;2019
731400;Allgemeiner Verstoß mit NPS (BtMG);3633;2019
731600;Allgemeiner Verstoß mit Amphetamin und seinen Derivaten in Pulver- oder flüssiger sowie in Tabletten- bzw. Kapselform (Ecstasy);41410;2019
731601;Allgemeiner Verstoß mit Amphetamin und seinen Derivaten in Pulver- oder flüssiger Form;32529;2019
731602;Allgemeiner Verstoß mit Amphetamin und seinen Derivaten in Tabletten- bzw. Kapselform (Ecstasy);8881;2019
731700;Allgemeiner Verstoß mit Methamphetamin in Pulver-, kristalliner oder flüssiger sowie in Tabletten- bzw. Kapselform;9807;2019
731701;Allgemeiner Verstoß mit Methamphetamin in Pulver- oder flüssiger Form;990;2019
731702;Allgemeiner Verstoß mit Methamphetamin in kristalliner Form (Crystal);8340;2019
731703;Allgemeiner Verstoß mit Methamphetamin in Tabletten- bzw. Kapselform;477;2019
731800;Allgemeiner Verstoß mit Cannabis und Zubereitungen;186455;2019
731900;Allgemeiner Verstoß mit sonstigen Betäubungsmitteln;16297;2019
732000;Unerlaubter Handel mit und Schmuggel von Rauschgiften § 29 BtMG;51845;2019
732100;Unerlaubter Handel mit und Schmuggel von Heroin;2174;2019
732110;Unerlaubter Handel mit Heroin;2050;2019
732120;Schmuggel von Heroin;124;2019
732200;Unerlaubter Handel mit und Schmuggel von Kokain einschl. Crack;4377;2019
732210;Unerlaubter Handel mit Kokain einschl. Crack;3791;2019
732211;Unerlaubter Handel mit Crack;223;2019
732212;Unerlaubter Handel mit Kokain;3568;2019
732220;Schmuggel von Kokain einschl. Crack;586;2019
732221;Schmuggel von Crack;6;2019
732222;Schmuggel von Kokain;580;2019
732300;Unerlaubter Handel mit und Schmuggel von LSD;238;2019
732310;Unerlaubter Handel mit LSD;163;2019
732320;Schmuggel von LSD;75;2019
732400;Unerlaubter Handel mit und Schmuggel von NPS (BtMG);456;2019
732410;Unerlaubter Handel mit NPS (BtMG);325;2019
732420;Schmuggel von NPS (BtMG);131;2019
732600;Unerlaubter Handel mit und Schmuggel von Amphetamin und seinen Derivaten in Pulver- oder flüssiger sowie in Tabletten- bzw. Kapselform (Ecstasy);7777;2019
732610;Unerlaubter Handel mit Amphetamin und seinen Derivaten in Pulver- oder flüssiger sowie in Tabletten- bzw. Kapselform (Ecstasy);6462;2019
732611;Unerlaubter Handel mit Amphetamin und seinen Derivaten in Pulver- oder flüssiger Form;4159;2019
732612;Unerlaubter Handel mit Amphetamin und seinen Derivaten in Tabletten- bzw. Kapselform (Ecstasy);2303;2019
732620;Schmuggel von Amphetamin und seinen Derivaten in Pulver- oder flüssiger sowie in Tabletten- bzw. Kapselform (Ecstasy);1315;2019
732621;Schmuggel von Amphetamin und seinen Derivaten in Pulver- oder flüssiger Form;929;2019
732622;Schmuggel von Amphetamin und seinen Derivaten in Tabletten- bzw. Kapselform (Ecstasy);386;2019
732700;Unerlaubter Handel mit und Schmuggel von Methamphetamin in Pulver-, kristalliner oder flüssiger sowie in Tabletten- bzw. Kapselform;1810;2019
732710;Unerlaubter Handel mit Methamphetamin in Pulver-, kristalliner oder flüssiger sowie in Tabletten- bzw. Kapselform;1495;2019
732711;Unerlaubter Handel mit Methamphetamin in Pulver- oder flüssiger Form;179;2019
732712;Unerlaubter Handel mit Methamphetamin in kristalliner Form (Crystal);1203;2019
732713;Unerlaubter Handel mit Methamphetamin in Tabletten- bzw. Kapselform;113;2019
732720;Schmuggel von Methamphetamin in Pulver-, kristalliner oder flüssiger sowie in Tabletten- bzw. Kapselform;315;2019
732721;Schmuggel von Methamphetamin in Pulver- oder flüssiger Form;26;2019
732722;Schmuggel von Methamphetamin in kristalliner Form (Crystal);284;2019
732723;Schmuggel von Methamphetamin in Tabletten- bzw. Kapselform;5;2019
732800;Unerlaubter Handel mit und Schmuggel von Cannabis und Zubereitungen;30934;2019
732810;Unerlaubter Handel mit Cannabis und Zubereitungen;24861;2019
732820;Schmuggel von Cannabis und Zubereitungen;6073;2019
732900;Unerlaubter Handel mit und Schmuggel von sonstigen Betäubungsmitteln;4079;2019
732910;Unerlaubter Handel mit sonstigen Betäubungsmitteln;3481;2019
732920;Schmuggel von sonstigen Betäubungsmitteln;598;2019
733000;Unerlaubte Einfuhr von Betäubungsmitteln § 30 Abs. 1 Nr. 4 BtMG (in nicht geringer Menge);1530;2019
733100;Unerlaubte Einfuhr in nicht geringer Menge von Heroin;155;2019
733200;Unerlaubte Einfuhr in nicht geringer Menge von Kokain einschl. Crack;315;2019
733201;Unerlaubte Einfuhr in nicht geringer Menge von Crack;3;2019
733202;Unerlaubte Einfuhr in nicht geringer Menge von Kokain;312;2019
733300;Unerlaubte Einfuhr in nicht geringer Menge von LSD;7;2019
733400;Unerlaubte Einfuhr in nicht geringer Menge von NPS (BtMG);2;2019
733600;Unerlaubte Einfuhr in nicht geringer Menge von Amphetamin und seinen Derivaten in Pulver- oder flüssiger sowie in Tabletten- bzw. Kapselform (Ecstasy);261;2019
733601;Unerlaubte Einfuhr in nicht geringer Menge von Amphetamin und seinen Derivaten in Pulver- oder flüssiger Form;178;2019
733602;Unerlaubte Einfuhr in nicht geringer Menge von Amphetamin und seinen Derivaten in Tabletten- bzw. Kapselform (Ecstasy);83;2019
733700;Unerlaubte Einfuhr in nicht geringer Menge von Methamphetamin in Pulver-, kristalliner oder flüssiger sowie in Tabletten- bzw. Kapselform;155;2019
733701;Unerlaubte Einfuhr in nicht geringer Menge von Methamphetamin in Pulver- oder flüssiger Form;18;2019
733702;Unerlaubte Einfuhr in nicht geringer Menge von Methamphetamin in kristalliner Form (Crystal);133;2019
733703;Unerlaubte Einfuhr in nicht geringer Menge von Methamphetamin in Tabletten- bzw. Kapselform;4;2019
733800;Unerlaubte Einfuhr in nicht geringer Menge von Cannabis und Zubereitungen;540;2019
733900;Unerlaubte Einfuhr in nicht geringer Menge von sonstigen Betäubungsmitteln;95;2019
734000;Sonstige Verstöße gegen das BtMG;21378;2019
734100;Unerlaubter Anbau von Betäubungsmitteln § 29 Abs. 1 Nr. 1 BtMG;3937;2019
734200;Betäubungsmittelanbau, -herstellung und -handel §§ 30 Abs. 1 Nr. 1, 30a BtMG;1555;2019
734210;Verstöße gemäß § 30 Abs. 1 Nr. 1 BtMG;119;2019
734220;Verstöße gemäß § 30a BtMG;1436;2019
734300;Bereitstellung von Geldmitteln oder anderen Vermögensgegenständen § 29 Abs. 1 Nr. 13 BtMG;14;2019
734400;Werbung für Betäubungsmittel § 29 Abs. 1 Nr. 8 BtMG;7;2019
734500;Abgabe, Verabreichung oder Überlassung von Betäubungsmitteln an Minderjährige § 29a Abs. 1 Nr. 1, ggf. § 30 Abs. 1 Nr. 2 BtMG;2448;2019
734510;Abgabe, Verabreichung oder Überlassung von Betäubungsmitteln an Minderjährige § 29a Abs. 1 Nr. 1 BtMG;2267;2019
734520;Gewerbsmäßige Abgabe, Verabreichung oder Überlassung von Betäubungsmitteln an Minderjährige § 30 Abs. 1 Nr. 2 BtMG;181;2019
734600;Leichtfertige Verursachung des Todes eines Anderen durch Abgabe pp. von Betäubungsmitteln § 30 Abs. 1 Nr. 3 BtMG;24;2019
734700;Unerlaubte Verschreibung und Verabreichung durch Ärzte § 29 Abs. 1 Nr. 6 BtMG;94;2019
734800;Unerlaubte(r) Handel, Herstellung, Abgabe und Besitz in nicht geringer Menge von Betäubungsmitteln § 29a Abs. 1 Nr. 2 BtMG;13299;2019
734810;Unerlaubte(r) Abgabe und Besitz in nicht geringer Menge § 29a Abs. 1 Nr. 2 BtMG;2898;2019
734811;Unerlaubte(r) Abgabe und Besitz in nicht geringer Menge von Heroin;161;2019
734812;Unerlaubte(r) Abgabe und Besitz in nicht geringer Menge von Kokain einschl. Crack;269;2019
734813;Unerlaubte(r) Abgabe und Besitz in nicht geringer Menge von LSD;3;2019
734814;Unerlaubte(r) Abgabe und Besitz in nicht geringer Menge von NPS (BtMG);82;2019
734816;Unerlaubte(r) Abgabe und Besitz in nicht geringer Menge von Amphetamin und seinen Derivaten in Pulver- oder flüssiger sowie in Tabletten- bzw. Kapselform (Ecstasy);466;2019
734817;Unerlaubte(r) Abgabe und Besitz in nicht geringer Menge von Methamphetamin in Pulver-, kristalliner oder flüssiger sowie in Tabletten- bzw. Kapselform;126;2019
734818;Unerlaubte(r) Abgabe und Besitz in nicht geringer Menge von Cannabis und Zubereitungen;1480;2019
734819;Unerlaubte(r) Abgabe und Besitz in nicht geringer Menge von sonstigen Betäubungsmitteln;311;2019
734820;Unerlaubter Handel in nicht geringer Menge § 29a Abs. 1 Nr. 2 BtMG;9710;2019
734821;Unerlaubter Handel in nicht geringer Menge von Heroin;471;2019
734822;Unerlaubter Handel in nicht geringer Menge von Kokain einschl. Crack;1336;2019
734823;Unerlaubter Handel in nicht geringer Menge von LSD;6;2019
734824;Unerlaubter Handel in nicht geringer Menge von NPS (BtMG);39;2019
734826;Unerlaubter Handel in nicht geringer Menge mit Amphetamin und seinen Derivaten in Pulver- oder flüssiger sowie in Tabletten- bzw. Kapselform (Ecstasy);1623;2019
734827;Unerlaubter Handel in nicht geringer Menge mit Methamphetamin in Pulver-, kristalliner oder flüssiger sowie in Tabletten- bzw. Kapselform;572;2019
734828;Unerlaubter Handel in nicht geringer Menge von Cannabis und Zubereitungen;5143;2019
734829;Unerlaubter Handel in nicht geringer Menge von sonstigen Betäubungsmitteln;520;2019
734840;Unerlaubte Herstellung in nicht geringer Menge § 29a Abs. 1 Nr. 2 BtMG;691;2019
734841;Unerlaubte Herstellung in nicht geringer Menge von Heroin;7;2019
734842;Unerlaubte Herstellung in nicht geringer Menge von Kokain einschl. Crack;18;2019
734843;Unerlaubte Herstellung in nicht geringer Menge von LSD;3;2019
734844;Unerlaubte Herstellung in nicht geringer Menge von NPS (BtMG);3;2019
734846;Unerlaubte Herstellung in nicht geringer Menge von Amphetamin und seinen Derivaten in Pulver- oder flüssiger sowie in Tabletten- bzw. Kapselform (Ecstasy);60;2019
734847;Unerlaubte Herstellung in nicht geringer Menge von Methamphetamin in Pulver-, kristalliner oder flüssiger sowie in Tabletten- bzw. Kapselform;19;2019
734848;Unerlaubte Herstellung in nicht geringer Menge von Cannabis und Zubereitungen;568;2019
734849;Unerlaubte Herstellung in nicht geringer Menge von sonstigen Betäubungsmitteln;13;2019
735000;Straftaten gemäß § 4 NpSG;391;2019
740000;Straftaten gegen strafrechtliche Nebengesetze auf dem Umwelt- und Verbraucherschutzsektor (neben Schlüssel 716000);8708;2019
740001;Transplantationsgesetz (unerlaubter Organhandel);4;2019
740002;Hundeverbringungs- und -einfuhrbeschränkungsgesetz;111;2019
740003;Verstoß gegen das Heilpraktikergesetz;290;2019
740079;Sonstiges strafrechtliches Nebengesetz auf dem Umwelt- und Verbraucherschutzsektor (ohne Lebensmittel);108;2019
741000;Straftaten nach dem ChemikalienG;427;2019
741001;Straftaten nach § 27 ChemikalienG i.V.m. der Gefahrstoffverordnung;344;2019
741079;Sonstige Straftaten nach dem ChemikalienG;83;2019
742000;Straftaten nach dem Infektionsschutz- und Tiergesundheitsgesetz;149;2019
742010;Infektionsschutzgesetz;61;2019
742020;Tiergesundheitsgesetz (TierGesG);88;2019
743000;Straftaten nach dem Bundesnaturschutz-, Tierschutz-, Bundesjagd- und PflanzenschutzG;7439;2019
743010;Bundesnaturschutzgesetz;507;2019
743020;Tierschutzgesetz;6837;2019
743030;Bundesjagdgesetz;89;2019
743040;Pflanzenschutzgesetz;6;2019
744000;Straftaten nach dem Abfallverbringungsgesetz (AbfVerbrG);180;2019
744100;Illegale Verbringung gefährlicher Abfälle § 18a AbfVerbrG;104;2019
744200;Illegale Verbringung nichtgefährlicher Abfälle § 18b AbfVerbrG;76;2019
890000;Straftaten insgesamt, jedoch ohne Verstöße gegen das Aufenthalts-, das Asyl- und das Freizügigkeitsgesetz/EU (Schlüssel 725000);5270782;2019
891000;Rauschgiftkriminalität darunter:;361345;2019
891100;direkte Beschaffungskriminalität;1598;2019
892000;Gewaltkriminalität;181054;2019
892500;Mord, Totschlag und Tötung auf Verlangen;2315;2019
893000;Wirtschaftskriminalität und zwar:;40484;2019
893100;Wirtschaftskriminalität bei Betrug;17236;2019
893200;Insolvenzstraftaten gemäß StGB und Nebenstrafrecht (Wikri);9590;2019
893300;Wirtschaftskriminalität im Anlage- und Finanzierungsbereich pp.;4081;2019
893400;Wettbewerbsdelikte (Wikri);1018;2019
893500;Wirtschaftskriminalität im Zusammenhang mit Arbeitsverhältnissen;6942;2019
893600;Betrug und Untreue im Zusammenhang mit Beteiligungen und Kapitalanlagen (Wikri);3561;2019
895000;Menschenhandel insgesamt;868;2019
896000;Straftaten gegen Bestimmungen zum Schutze der Jugend;1989;2019
897000;Computerkriminalität;123006;2019
897100;Computerbetrug § 263a StGB;100814;2019
898000;Straftaten insgesamt auf dem Umwelt- und Verbraucherschutzsektor;31430;2019
898100;Umweltstraftaten gemäß 29. Abschnitt des StGB;11709;2019
898200;Sonstige Straftaten nach dem StGB mit Umweltrelevanz;4790;2019
898300;Straftaten auf dem Umwelt- und Verbraucherschutzsektor gemäß strafrechtlicher Nebengesetze;14931;2019
899000;Straßenkriminalität;1075143;2019
899500;Sachbeschädigung durch Graffiti insgesamt;96244;2019
943520;Wohnungseinbruchdiebstahl (mit TWE) bandenmäßig § 244a StGB;1109;2019
972500;Unerlaubt eingereiste/aufhältige Personen (SZ: 725100, 725700);146277;2019
973000;Drogenarten insgesamt bei RG-Delikten (SZ 730000);351668;2019
973010;Heroin;11540;2019
973020;Kokain einschl. Crack;24055;2019
973030;LSD;946;2019
973040;NPS;4606;2019
973060;Amphetamin und seine Derivate in Pulver- oder flüssiger sowie in Tabletten- bzw. Kapselform (Ecstasy);51597;2019
973070;Methamphetamin in Pulver-, kristalliner oder flüssiger sowie in Tabletten- bzw. Kapselform;12489;2019
973080;Cannabis und Zubereitungen;225120;2019
973090;Sonstige Betäubungsmittel;21315;2019
973172;Crystal -Methamphetamin in kristalliner Form- (nur SB 731000, 732000, 733000);9960;2019
980100;Cybercrime im engeren Sinne;100514;2019
